Date,Open,High,Low,Close,Volume,Dividends,Stock Splits,Symbol
2008-02-11,4.212215900421143,4.212215900421143,4.212215900421143,4.212215900421143,167.0,0.0,0.0,TVE.TO
2008-02-18,3.9782030972509905,3.9782030972509905,3.861197233200073,3.8611972332000732,1417.0,0.0,0.0,TVE.TO
2008-02-25,4.095209519001476,4.095209519001476,3.744191646575928,3.7441916465759277,1250.0,0.0,0.0,TVE.TO
2008-03-03,3.8611970865797653,4.095208805795529,3.510179042816162,3.510179042816162,85875.0,0.0,0.0,TVE.TO
2008-03-10,3.744191646575928,4.095209519001476,3.6271857665907516,3.7441916465759277,199750.0,0.0,0.0,TVE.TO
2008-03-17,3.627185344696045,3.627185344696045,3.627185344696045,3.627185344696045,1958.0,0.0,0.0,TVE.TO
2008-03-24,3.744191646575928,3.744191646575928,3.744191646575928,3.7441916465759277,4375.0,0.0,0.0,TVE.TO
2008-03-31,3.744191211071728,3.8611973099174026,3.627185344696045,3.627185344696045,5117.0,0.0,0.0,TVE.TO
2008-04-07,3.627185344696045,3.8611973099174026,3.627185344696045,3.627185344696045,3333.0,0.0,0.0,TVE.TO
2008-04-14,3.744191211071728,4.095209042668769,3.15916141425333,3.627185344696045,13501.0,0.0,0.0,TVE.TO
2008-04-21,3.861197384436435,4.095209121704102,3.510179313594943,4.095209121704102,10501.0,0.0,0.0,TVE.TO
2008-04-28,4.095209412008184,4.095209412008184,3.3931736854987906,3.978203535079956,3166.0,0.0,0.0,TVE.TO
2008-05-05,3.6271854146987725,4.095209121704102,3.1591614752234474,4.095209121704102,7834.0,0.0,0.0,TVE.TO
2008-05-12,4.095209786278011,4.680240154266357,3.9782038986563695,4.680240154266357,13000.0,0.0,0.0,TVE.TO
2008-05-19,4.680240154266357,4.680240154266357,4.680240154266357,4.680240154266357,14583.0,0.0,0.0,TVE.TO
2008-05-26,4.680238637057218,5.382274200145842,4.680238637057218,5.1482625007629395,114250.0,0.0,0.0,TVE.TO
2008-06-02,5.265269086365682,5.850298881530762,5.265269086365682,5.850298881530762,23708.0,0.0,0.0,TVE.TO
2008-06-09,5.850298566283145,5.850298566283145,5.265268802642822,5.265268802642822,28958.0,0.0,0.0,TVE.TO
2008-06-16,5.733293177518098,5.850299046869897,5.382275104522705,5.382275104522705,91341.0,0.0,0.0,TVE.TO
2008-06-23,5.616286846802999,5.850298566283145,5.265268802642822,5.265268802642822,8126.0,0.0,0.0,TVE.TO
2008-06-30,5.031256186131571,5.265268350454391,4.797244486748669,5.1482625007629395,11709.0,0.0,0.0,TVE.TO
2008-07-07,4.797244071960449,4.797244071960449,4.797244071960449,4.797244071960449,3708.0,0.0,0.0,TVE.TO
2008-07-14,4.797246041887999,4.797246041887999,4.212216138839722,4.680240154266357,7950.0,0.0,0.0,TVE.TO
2008-07-21,4.680239889356826,5.382275640290328,4.212215900421143,4.212215900421143,2150.0,0.0,0.0,TVE.TO
2008-07-28,4.212215900421143,4.212215900421143,4.212215900421143,4.212215900421143,0.0,0.0,0.0,TVE.TO
2008-08-04,4.095209121704102,4.095209121704102,4.095209121704102,4.095209121704102,417.0,0.0,0.0,TVE.TO
2008-08-11,4.095209412008184,4.095209412008184,3.978203535079956,3.978203535079956,225.0,0.0,0.0,TVE.TO
2008-08-18,4.680239410244159,4.680239410244159,3.0421553841887063,3.3931734561920166,1584.0,0.0,0.0,TVE.TO
2008-08-25,3.3931734561920166,3.3931734561920166,3.3931734561920166,3.3931734561920166,0.0,0.0,0.0,TVE.TO
2008-09-01,3.3931731832082797,4.095208805795529,3.3931731832082797,3.510179042816162,8249.0,0.0,0.0,TVE.TO
2008-09-08,3.276167354700914,3.3931734561920166,3.276167354700914,3.3931734561920166,792.0,0.0,0.0,TVE.TO
2008-09-15,2.9251490319257822,3.2761668134700943,2.340119318528609,2.5741312503814697,12125.0,0.0,0.0,TVE.TO
2008-09-22,2.574131269972058,2.925149054187813,2.3401193363382347,2.457125186920166,2583.0,0.0,0.0,TVE.TO
2008-09-29,2.457125376465309,3.1591612315225372,1.755089521408081,1.755089521408081,21266.0,0.0,0.0,TVE.TO
2008-10-06,1.7550894945800606,1.7550894945800606,1.1700597405433653,1.4040716886520386,66625.0,0.0,0.0,TVE.TO
2008-10-13,2.3401199244037167,2.3401199244037167,1.872095823287964,1.8720958232879639,625.0,0.0,0.0,TVE.TO
2008-10-20,2.8081438629325937,2.8081438629325937,2.223113775253296,2.223113775253296,1792.0,0.0,0.0,TVE.TO
2008-10-27,2.2231136294369125,2.2231136294369125,1.5210777097510453,1.6380836963653564,1959.0,0.0,0.0,TVE.TO
2008-11-03,1.6380838038090055,2.8081438629325937,1.6380838038090055,2.223113775253296,19250.0,0.0,0.0,TVE.TO
2008-11-10,2.2231137538664467,2.2231137538664467,1.989101767539978,1.989101767539978,2084.0,0.0,0.0,TVE.TO
2008-11-17,1.989101767539978,2.1061078769382187,1.8720957743767437,1.989101767539978,91541.0,0.0,0.0,TVE.TO
2008-11-24,1.8720957743767437,2.1061078769382187,1.7550897812135091,1.989101767539978,127666.0,0.0,0.0,TVE.TO
2008-12-01,1.7550896829796676,1.98910165620829,1.6380836963653564,1.6380836963653564,103342.0,0.0,0.0,TVE.TO
2008-12-08,1.4040715911171655,1.5210774408086165,1.1700596592643044,1.2870656251907349,31333.0,0.0,0.0,TVE.TO
2008-12-15,1.404071839371734,1.404071839371734,0.702035919685867,0.8190418481826782,12300.0,0.0,0.0,TVE.TO
2008-12-22,1.5210777521133423,1.5210777521133423,1.1700598987294966,1.5210777521133423,10583.0,0.0,0.0,TVE.TO
2008-12-29,1.5210775697223384,1.755089521408081,1.5210775697223384,1.755089521408081,312600.0,0.0,0.0,TVE.TO
2009-01-05,1.872095823287964,1.872095823287964,1.5210778346274065,1.8720958232879639,3792.0,0.0,0.0,TVE.TO
2009-01-12,1.6380835455652096,1.755089521408081,1.2870657342715848,1.755089521408081,5500.0,0.0,0.0,TVE.TO
2009-01-19,1.872095338587908,2.57413125038147,1.872095338587908,2.5741312503814697,5833.0,0.0,0.0,TVE.TO
2009-01-26,1.5210777521133423,1.5210777521133423,1.5210777521133423,1.5210777521133423,1266.0,0.0,0.0,TVE.TO
2009-02-02,1.7550897318592416,1.7550897318592416,1.5210777521133423,1.5210777521133423,28208.0,0.0,0.0,TVE.TO
2009-02-09,1.5210777521133423,1.5210777521133423,1.5210777521133423,1.5210777521133423,0.0,0.0,0.0,TVE.TO
2009-02-16,1.5210775697223384,1.755089521408081,1.5210775697223384,1.755089521408081,67167.0,0.0,0.0,TVE.TO
2009-02-23,1.7550894945800606,1.7550894945800606,1.4040716886520384,1.4040716886520386,1417.0,0.0,0.0,TVE.TO
2009-03-02,1.4040715911171655,1.7550893726614776,1.287065625190735,1.2870656251907349,3000.0,0.0,0.0,TVE.TO
2009-03-09,1.2870658886024462,1.7550897318592416,1.2870658886024462,1.5210777521133423,858.0,0.0,0.0,TVE.TO
2009-03-16,1.5210775697223384,1.755089521408081,1.5210775697223384,1.755089521408081,6708.0,0.0,0.0,TVE.TO
2009-03-23,1.755089521408081,1.755089521408081,1.755089521408081,1.755089521408081,0.0,0.0,0.0,TVE.TO
2009-03-30,1.755089521408081,1.755089521408081,1.755089521408081,1.755089521408081,0.0,0.0,0.0,TVE.TO
2009-04-06,1.755089521408081,1.755089521408081,1.755089521408081,1.755089521408081,0.0,0.0,0.0,TVE.TO
2009-04-13,1.755089521408081,1.755089521408081,1.755089521408081,1.755089521408081,12500.0,0.0,0.0,TVE.TO
2009-04-20,1.755089521408081,1.755089521408081,1.755089521408081,1.755089521408081,0.0,0.0,0.0,TVE.TO
2009-04-27,1.287065969573127,1.287065969573127,0.5850299861696032,1.0530539751052856,2808.0,0.0,0.0,TVE.TO
2009-05-04,1.0530538795288005,1.0530538795288005,0.702035919685867,0.8190418481826782,3750.0,0.0,0.0,TVE.TO
2009-05-11,0.8190417727826048,1.755089521408081,0.8190417727826048,1.755089521408081,583.0,0.0,0.0,TVE.TO
2009-05-18,1.755089521408081,1.755089521408081,1.755089521408081,1.755089521408081,0.0,0.0,0.0,TVE.TO
2009-05-25,1.755089842273799,1.755089842273799,1.0530539751052856,1.0530539751052856,1250.0,0.0,0.0,TVE.TO
2009-06-01,1.7550899416148669,1.7550899416148669,0.9360479727357629,1.1700600385665894,17833.0,0.0,0.0,TVE.TO
2009-06-08,1.1700597405433653,1.638083520525724,1.1700597405433653,1.4040716886520386,11001.0,0.0,0.0,TVE.TO
2009-06-15,1.40407195464223,1.6380838308475925,0.936047911643982,0.9360479116439819,9250.0,0.0,0.0,TVE.TO
2009-06-22,0.9360479197538599,1.1700599723392064,0.9360479197538599,1.0530539751052856,7583.0,0.0,0.0,TVE.TO
2009-06-29,1.0530539751052856,1.0530539751052856,1.0530539751052856,1.0530539751052856,0.0,0.0,0.0,TVE.TO
2009-07-06,1.0530539659816727,1.0530539659816727,0.936047911643982,0.9360479116439819,167.0,0.0,0.0,TVE.TO
2009-07-13,0.9360479197538599,1.0530539751052856,0.9360479197538599,1.0530539751052856,38333.0,0.0,0.0,TVE.TO
2009-07-20,1.053053693337874,1.287065625190735,1.053053693337874,1.2870656251907349,583.0,0.0,0.0,TVE.TO
2009-07-27,1.1700599723392064,1.1700599723392064,1.0530539751052856,1.0530539751052856,2750.0,0.0,0.0,TVE.TO
2009-08-03,1.053053766489029,1.4040716886520384,1.053053766489029,1.4040716886520386,3750.0,0.0,0.0,TVE.TO
2009-08-10,1.4040715911171655,1.4040715911171655,1.287065625190735,1.2870656251907349,3000.0,0.0,0.0,TVE.TO
2009-08-17,1.2870660424232483,1.2870660424232483,0.9360479727357629,1.1700600385665894,13751.0,0.0,0.0,TVE.TO
2009-08-24,1.1700600385665894,1.1700600385665894,1.1700600385665894,1.1700600385665894,7500.0,0.0,0.0,TVE.TO
2009-08-31,1.1700599723392064,1.1700599723392064,1.0530539751052856,1.0530539751052856,11834.0,0.0,0.0,TVE.TO
2009-09-07,1.0530540347099304,1.1700600385665894,1.0530540347099304,1.1700600385665894,10584.0,0.0,0.0,TVE.TO
2009-09-14,1.1700599723392064,1.1700599723392064,1.0530539751052856,1.0530539751052856,25350.0,0.0,0.0,TVE.TO
2009-09-21,1.0530540347099304,1.2870660424232483,0.9360479727357629,1.1700600385665894,30292.0,0.0,0.0,TVE.TO
2009-09-28,1.287065625190735,1.287065625190735,1.1700596592643044,1.2870656251907349,9725.0,0.0,0.0,TVE.TO
2009-10-05,1.2870659584220443,1.872095823287964,1.2870659584220443,1.8720958232879639,21383.0,0.0,0.0,TVE.TO
2009-10-12,1.8720957217321912,1.8720957217321912,1.5210777521133423,1.5210777521133423,4750.0,0.0,0.0,TVE.TO
2009-10-19,1.638083741986292,1.638083741986292,1.4040718784753958,1.5210777521133423,13858.0,0.0,0.0,TVE.TO
2009-10-26,1.5210775464713875,1.5210775464713875,1.2870657145977018,1.4040716886520386,11917.0,0.0,0.0,TVE.TO
2009-11-02,1.4040718784753958,1.5210777521133423,1.2870658886024462,1.5210777521133423,41392.0,0.0,0.0,TVE.TO
2009-11-09,1.5210775464713875,1.5210775464713875,1.4040716886520384,1.4040716886520386,44583.0,0.0,0.0,TVE.TO
2009-11-16,1.4040716886520384,1.4040716886520384,1.4040716886520384,1.4040716886520386,1725.0,0.0,0.0,TVE.TO
2009-11-23,1.4040718784753958,1.5210777521133423,1.4040718784753958,1.5210777521133423,22792.0,0.0,0.0,TVE.TO
2009-11-30,1.5210777097510453,1.6380836963653564,1.5210777097510453,1.6380836963653564,15258.0,0.0,0.0,TVE.TO
2009-12-07,1.5210775697223384,1.9891014730938237,1.5210775697223384,1.755089521408081,148359.0,0.0,0.0,TVE.TO
2009-12-14,1.6380835455652096,1.755089521408081,1.5210775697223384,1.755089521408081,59543.0,0.0,0.0,TVE.TO
2009-12-21,1.6380835455652096,1.8720954972509525,1.6380835455652096,1.755089521408081,54583.0,0.0,0.0,TVE.TO
2009-12-28,1.755089521408081,1.755089521408081,1.755089521408081,1.755089521408081,25917.0,0.0,0.0,TVE.TO
2010-01-04,1.755089521408081,1.755089521408081,1.6380835455652096,1.755089521408081,121292.0,0.0,0.0,TVE.TO
2010-01-11,1.7550893860186958,2.4571251869201665,1.7550893860186958,2.457125186920166,99175.0,0.0,0.0,TVE.TO
2010-01-18,2.5741314291954036,2.8081433773040767,2.106107532978058,2.808143377304077,122500.0,0.0,0.0,TVE.TO
2010-01-25,2.6911372870147527,2.925149235123426,2.5741314291954036,2.808143377304077,38341.0,0.0,0.0,TVE.TO
2010-02-01,2.6911379724681384,2.808144092559814,2.3401200771331787,2.3401200771331787,19791.0,0.0,0.0,TVE.TO
2010-02-08,2.45712533890608,2.8081433773040767,2.45712533890608,2.808143377304077,16276.0,0.0,0.0,TVE.TO
2010-02-15,2.8081433773040767,2.8081433773040767,2.8081433773040767,2.808143377304077,2291.0,0.0,0.0,TVE.TO
2010-02-22,2.8081436540831497,2.8081436540831497,2.5741316829095537,2.6911375522613525,5275.0,0.0,0.0,TVE.TO
2010-03-01,2.223113390797407,2.925149235123426,1.9891014426887337,2.808143377304077,28832.0,0.0,0.0,TVE.TO
2010-03-08,2.9251490319257822,2.9251490319257822,2.57413125038147,2.5741312503814697,32083.0,0.0,0.0,TVE.TO
2010-03-15,2.5741314291954036,2.8081433773040767,2.5741314291954036,2.808143377304077,6858.0,0.0,0.0,TVE.TO
2010-03-22,2.8081433773040767,2.8081433773040767,2.5741314291954036,2.808143377304077,5959.0,0.0,0.0,TVE.TO
2010-03-29,2.8081433773040767,2.8081433773040767,2.8081433773040767,2.808143377304077,5767.0,0.0,0.0,TVE.TO
2010-04-05,2.5741320848464966,2.5741320848464966,2.3401200771331787,2.3401200771331787,5442.0,0.0,0.0,TVE.TO
2010-04-12,2.3401200771331787,2.3401200771331787,2.3401200771331787,2.3401200771331787,4876.0,0.0,0.0,TVE.TO
2010-04-19,3.3931731832082797,3.744190994501905,3.042155139444677,3.510179042816162,288834.0,0.0,0.0,TVE.TO
2010-04-26,3.51017888651427,3.51017888651427,3.15916109085083,3.15916109085083,122409.0,0.0,0.0,TVE.TO
2010-05-03,3.276167041051448,3.393173131340772,2.5741314291954036,2.808143377304077,100350.0,0.0,0.0,TVE.TO
2010-05-10,2.8081435747203614,3.159161405325411,2.8081435747203614,2.925149440765381,6442.0,0.0,0.0,TVE.TO
2010-05-17,2.9251495491227795,3.510179365959335,2.9251495491227795,3.276167392730713,17084.0,0.0,0.0,TVE.TO
2010-05-24,3.276167483972584,3.276167483972584,2.8081437569507917,3.0421555042266846,10375.0,0.0,0.0,TVE.TO
2010-05-31,3.3931734561920166,3.7441912957253303,3.159161485679809,3.3931734561920166,65750.0,0.0,0.0,TVE.TO
2010-06-07,3.5101792458503707,3.627185344696045,2.9251494490319727,3.627185344696045,41533.0,0.0,0.0,TVE.TO
2010-06-14,3.861197658151728,4.563233384661121,3.5101795624270182,3.978203535079956,140525.0,0.0,0.0,TVE.TO
2010-06-21,4.095208805795529,4.095208805795529,3.510179042816162,3.510179042816162,51175.0,0.0,0.0,TVE.TO
2010-06-28,3.5101796541355563,4.095209519001476,3.5101796541355563,3.7441916465759277,34708.0,0.0,0.0,TVE.TO
2010-07-05,3.7441912957253303,3.7441912957253303,3.3931734561920166,3.3931734561920166,4875.0,0.0,0.0,TVE.TO
2010-07-12,3.510179325213122,3.510179325213122,3.3931734561920166,3.3931734561920166,14325.0,0.0,0.0,TVE.TO
2010-07-19,3.276167392730713,3.510179365959335,2.9251495491227795,3.276167392730713,20517.0,0.0,0.0,TVE.TO
2010-07-26,3.276167354700914,3.3931734561920166,3.159161485679809,3.3931734561920166,13558.0,0.0,0.0,TVE.TO
2010-08-02,3.159161522351402,3.510179365959335,3.0421554195020906,3.276167392730713,19675.0,0.0,0.0,TVE.TO
2010-08-09,3.276167392730713,3.393173495580024,3.276167392730713,3.276167392730713,33184.0,0.0,0.0,TVE.TO
2010-08-16,3.276167392730713,3.393173495580024,3.159161522351402,3.276167392730713,59383.0,0.0,0.0,TVE.TO
2010-08-23,3.276167483972584,3.276167483972584,2.8081437569507917,3.0421555042266846,22075.0,0.0,0.0,TVE.TO
2010-08-30,3.042155092942775,3.042155092942775,2.5741314291954036,2.808143377304077,24566.0,0.0,0.0,TVE.TO
2010-09-06,2.8081435747203614,2.925149440765381,2.6911374762053506,2.925149440765381,129099.0,0.0,0.0,TVE.TO
2010-09-13,2.6911372083195984,3.276166945248654,2.6911372083195984,3.15916109085083,391159.0,0.0,0.0,TVE.TO
2010-09-20,3.159161522351402,3.276167392730713,2.9251495491227795,3.276167392730713,131600.0,0.0,0.0,TVE.TO
2010-09-27,3.276167392730713,3.276167392730713,3.159161522351402,3.276167392730713,66008.0,0.0,0.0,TVE.TO
2010-10-04,3.2761672155355237,4.095208961301908,3.1591613514846064,3.8611972332000732,198791.0,0.0,0.0,TVE.TO
2010-10-11,4.212215753876437,4.446227507732893,3.7441915487534874,3.978203535079956,190800.0,0.0,0.0,TVE.TO
2010-10-18,3.9782030972509905,3.9782030972509905,3.627185272628251,3.8611972332000732,60008.0,0.0,0.0,TVE.TO
2010-10-25,3.861197658151728,4.095209412008184,3.861197658151728,3.978203535079956,69124.0,0.0,0.0,TVE.TO
2010-11-01,3.97820226505797,5.0312557511098,3.861196425483295,4.797244071960449,537018.0,0.0,0.0,TVE.TO
2010-11-08,5.148262539944116,5.148262539944116,4.3292206559907545,4.914250373840332,256575.0,0.0,0.0,TVE.TO
2010-11-15,4.797246236737355,4.797246236737355,3.5101800258024274,4.329222202301025,215266.0,0.0,0.0,TVE.TO
2010-11-22,4.4462264840031525,5.6162863787028785,4.329220634015155,5.031256198883057,765616.0,0.0,0.0,TVE.TO
2010-11-29,5.031256554733954,5.6162867759318145,4.680238979943179,5.4992804527282715,523776.0,0.0,0.0,TVE.TO
2010-12-06,5.4992809945947645,6.786346957133963,5.031257050484147,6.669341087341309,665591.0,0.0,0.0,TVE.TO
2010-12-13,6.435328354874714,6.9033522605896,6.08431030935356,6.9033522605896,329033.0,0.0,0.0,TVE.TO
2010-12-20,6.435328354874714,6.9033522605896,6.318322494680983,6.9033522605896,138709.0,0.0,0.0,TVE.TO
2010-12-27,7.020358085632324,7.254370269788045,6.669340506808678,7.020358085632324,138159.0,0.0,0.0,TVE.TO
2011-01-03,6.903352781405139,7.137364984387344,6.669341043362928,6.786346912384033,103950.0,0.0,0.0,TVE.TO
2011-01-10,7.020358085632324,7.605388313551648,6.786346366416559,7.020358085632324,155350.0,0.0,0.0,TVE.TO
2011-01-17,7.020358696719274,7.137365031451926,6.084310808498038,6.669341087341309,149642.0,0.0,0.0,TVE.TO
2011-01-24,6.669340754230515,6.786346618179127,5.26526899202725,6.201316833496094,286834.0,0.0,0.0,TVE.TO
2011-01-31,5.96730496862487,6.552334785461426,5.850299098245559,6.552334785461426,276974.0,0.0,0.0,TVE.TO
2011-02-07,6.552333890497308,6.669340209835068,5.733292444772604,6.31832218170166,157725.0,0.0,0.0,TVE.TO
2011-02-14,6.435328960418701,6.786347038969541,5.9673050106642505,6.435328960418701,430259.0,0.0,0.0,TVE.TO
2011-02-21,6.669341306523127,6.669341306523127,6.084311008453369,6.084311008453369,80275.0,0.0,0.0,TVE.TO
2011-02-28,6.084310613620801,6.201316944605803,5.850298881530762,5.850298881530762,152016.0,0.0,0.0,TVE.TO
2011-03-07,6.084310208986182,6.084310208986182,4.914250696470362,5.4992804527282715,179859.0,0.0,0.0,TVE.TO
2011-03-14,5.499280431848855,5.616286754608153,4.91425067781216,5.616286754608154,159442.0,0.0,0.0,TVE.TO
2011-03-21,5.616286754608153,5.850298470246852,5.265268716210157,5.616286754608154,34775.0,0.0,0.0,TVE.TO
2011-03-28,5.850298923369838,5.850298923369838,5.382274990902651,5.733293056488037,73159.0,0.0,0.0,TVE.TO
2011-04-04,5.73329338753953,6.318323220669275,5.616287513901583,6.084311008453369,242600.0,0.0,0.0,TVE.TO
2011-04-11,6.084311008453369,6.084311008453369,5.499281175323624,6.084311008453369,116142.0,0.0,0.0,TVE.TO
2011-04-18,6.084310613620801,6.084310613620801,5.733293015485742,5.850298881530762,40259.0,0.0,0.0,TVE.TO
2011-04-25,5.850298923369838,5.850298923369838,5.616287189606237,5.733293056488037,57784.0,0.0,0.0,TVE.TO
2011-05-02,5.733292634195406,5.733292634195406,5.148262877937497,5.4992804527282715,92559.0,0.0,0.0,TVE.TO
2011-05-09,5.499280973874504,5.616287308166299,5.1482633658191075,5.382275104522705,58358.0,0.0,0.0,TVE.TO
2011-05-16,5.265268390526048,5.265268390526048,4.797244523258401,4.914250373840332,72917.0,0.0,0.0,TVE.TO
2011-05-23,5.148262539944116,5.265268390526048,4.797244523258401,4.914250373840332,102883.0,0.0,0.0,TVE.TO
2011-05-30,4.914251929509641,5.148264169692993,4.563233801704647,4.680240154266357,67983.0,0.0,0.0,TVE.TO
2011-06-06,4.563233801704647,4.680240154266357,3.9782038986563695,4.680240154266357,247409.0,0.0,0.0,TVE.TO
2011-06-13,4.329222202301025,4.914252129111416,4.329222202301025,4.329222202301025,41175.0,0.0,0.0,TVE.TO
2011-06-20,4.680240154266357,5.265270057314635,4.446227914083005,4.680240154266357,145408.0,0.0,0.0,TVE.TO
2011-06-27,4.680240154266357,5.265270057314635,4.563233801704647,4.680240154266357,55942.0,0.0,0.0,TVE.TO
2011-07-04,4.680238648919065,5.148262513810971,4.56323233399115,5.031256198883057,45450.0,0.0,0.0,TVE.TO
2011-07-11,4.797246041887999,5.265270057314635,4.563233801704647,4.680240154266357,94025.0,0.0,0.0,TVE.TO
2011-07-18,4.680238637057218,5.14826250076294,4.56323232242585,5.1482625007629395,126692.0,0.0,0.0,TVE.TO
2011-07-25,5.14826250076294,5.382274200145842,4.797244486748669,5.1482625007629395,120091.0,0.0,0.0,TVE.TO
2011-08-01,4.914251929509641,5.148264169692993,4.563233801704647,4.680240154266357,29250.0,0.0,0.0,TVE.TO
2011-08-08,4.563232357154617,4.914250373840333,4.3292206559907545,4.914250373840332,58675.0,0.0,0.0,TVE.TO
2011-08-15,5.031257405715875,5.031257405715875,4.329221672452741,4.446227550506592,42475.0,0.0,0.0,TVE.TO
2011-08-22,4.446228094675086,4.680240344363295,4.329222202301025,4.329222202301025,54200.0,0.0,0.0,TVE.TO
2011-08-29,4.212215794398891,4.563233428560443,4.212215794398891,4.446227550506592,192484.0,0.0,0.0,TVE.TO
2011-09-05,4.3292217814200535,4.563233543417874,4.212215900421143,4.212215900421143,22416.0,0.0,0.0,TVE.TO
2011-09-12,4.563233987049147,4.563233987049147,4.212216309926965,4.329222202301025,37299.0,0.0,0.0,TVE.TO
2011-09-19,4.446227623897043,4.446227623897043,3.744191646575928,3.7441916465759277,70967.0,0.0,0.0,TVE.TO
2011-09-26,3.8611969146476777,3.8611969146476777,2.4571252670539825,3.15916109085083,122266.0,0.0,0.0,TVE.TO
2011-10-03,3.393173495580024,3.510179365959335,2.457125602665535,3.276167392730713,84883.0,0.0,0.0,TVE.TO
2011-10-10,3.510179042816162,3.8611970865797653,3.2761670911304193,3.510179042816162,36950.0,0.0,0.0,TVE.TO
2011-10-17,3.7441912004904907,3.8611972990055015,2.925149440765381,2.925149440765381,136176.0,0.0,0.0,TVE.TO
2011-10-24,3.1591613514846064,4.329221154343718,3.1591613514846064,3.8611972332000732,196633.0,0.0,0.0,TVE.TO
2011-10-31,4.212215130343369,4.212215130343369,3.2761670911304193,3.510179042816162,66408.0,0.0,0.0,TVE.TO
2011-11-07,3.5101792458503707,4.212215373984435,3.276167280629013,3.627185344696045,107600.0,0.0,0.0,TVE.TO
2011-11-14,4.095209519001476,5.031257488762963,3.5101796541355563,3.7441916465759277,354776.0,0.0,0.0,TVE.TO
2011-11-21,3.9782036390162996,3.9782036390162996,3.744191646575928,3.7441916465759277,87642.0,0.0,0.0,TVE.TO
2011-11-28,3.7441911366791683,4.563232882445552,3.510179176107346,3.8611972332000732,267717.0,0.0,0.0,TVE.TO
2011-12-05,4.095209519001476,4.212215863926691,3.6271857665907516,3.7441916465759277,181483.0,0.0,0.0,TVE.TO
2011-12-12,3.744191646575928,3.9782036390162996,3.5101796541355563,3.7441916465759277,220641.0,0.0,0.0,TVE.TO
2011-12-19,3.7441911366791683,3.9782030972509905,3.7441911366791683,3.8611972332000732,73967.0,0.0,0.0,TVE.TO
2011-12-26,3.9782032530702685,4.095209121704102,3.9782032530702685,4.095209121704102,15758.0,0.0,0.0,TVE.TO
2012-01-02,3.978203535079956,4.212215753876437,3.7441915487534874,3.978203535079956,62392.0,0.0,0.0,TVE.TO
2012-01-09,4.095209519001476,4.095209519001476,3.744191646575928,3.7441916465759277,68593.0,0.0,0.0,TVE.TO
2012-01-16,3.744191646575928,3.9782036390162996,3.744191646575928,3.7441916465759277,73442.0,0.0,0.0,TVE.TO
2012-01-23,3.7441912833326056,4.32922132391176,3.7441912833326056,4.095209121704102,68133.0,0.0,0.0,TVE.TO
2012-01-30,3.9782030972509905,4.095208961301908,3.861197233200073,3.8611972332000732,47758.0,0.0,0.0,TVE.TO
2012-02-06,3.8611977590311235,4.212215863926691,3.744191646575928,3.7441916465759277,111592.0,0.0,0.0,TVE.TO
2012-02-13,3.861197233200073,3.861197233200073,3.510179176107346,3.8611972332000732,209500.0,0.0,0.0,TVE.TO
2012-02-20,3.744191646575928,3.8611977590311235,3.6271857665907516,3.7441916465759277,66141.0,0.0,0.0,TVE.TO
2012-02-27,3.744191646575928,3.8611977590311235,3.6271857665907516,3.7441916465759277,108116.0,0.0,0.0,TVE.TO
2012-03-05,3.744191211071728,3.744191211071728,3.5101792458503707,3.627185344696045,51108.0,0.0,0.0,TVE.TO
2012-03-12,3.510179042816162,3.6271851348940225,3.042155139444677,3.510179042816162,140383.0,0.0,0.0,TVE.TO
2012-03-19,3.510179365959335,3.510179365959335,3.159161522351402,3.276167392730713,79800.0,0.0,0.0,TVE.TO
2012-03-26,3.276167392730713,3.393173495580024,3.276167392730713,3.276167392730713,7008.0,0.0,0.0,TVE.TO
2012-04-02,3.2761668384035683,3.3931729214554602,2.2231132532863427,2.457125186920166,658333.0,0.0,0.0,TVE.TO
2012-04-09,2.4571251869201665,2.574131269972058,2.3401193363382347,2.457125186920166,152775.0,0.0,0.0,TVE.TO
2012-04-16,2.3401200771331787,2.4571259647548205,2.3401200771331787,2.3401200771331787,69775.0,0.0,0.0,TVE.TO
2012-04-23,2.3401200771331787,2.3401200771331787,1.7550899416148669,2.3401200771331787,2985133.0,0.0,0.0,TVE.TO
2012-04-30,2.3401198857771615,2.3401198857771615,2.223113775253296,2.223113775253296,351883.0,0.0,0.0,TVE.TO
2012-05-07,2.223113831209482,2.223113831209482,2.1061079502105713,2.1061079502105713,186683.0,0.0,0.0,TVE.TO
2012-05-14,2.1061079319633453,2.2231138119485214,1.872095823287964,1.8720958232879639,70467.0,0.0,0.0,TVE.TO
2012-05-21,1.872095823287964,2.1061079319633453,1.872095823287964,1.8720958232879639,82359.0,0.0,0.0,TVE.TO
2012-05-28,1.989101767539978,2.1061078769382187,1.8720957743767437,1.989101767539978,293950.0,0.0,0.0,TVE.TO
2012-06-04,2.1061079319633453,2.1061079319633453,1.872095823287964,1.8720958232879639,234675.0,0.0,0.0,TVE.TO
2012-06-11,1.8720957743767437,1.989101767539978,1.8720957743767437,1.989101767539978,36333.0,0.0,0.0,TVE.TO
2012-06-18,1.8720957743767437,1.989101767539978,1.8720957743767437,1.989101767539978,67192.0,0.0,0.0,TVE.TO
2012-06-25,1.872095823287964,1.9891018195081498,1.7550898270677782,1.8720958232879639,41499.0,0.0,0.0,TVE.TO
2012-07-02,1.872095823287964,1.9891018195081498,1.7550898270677782,1.8720958232879639,9516.0,0.0,0.0,TVE.TO
2012-07-09,2.1061075651716843,2.1061075651716843,1.755089521408081,1.755089521408081,28909.0,0.0,0.0,TVE.TO
2012-07-16,1.8720955620982735,2.184111547232149,1.7258381162872354,1.9500995874404907,18308.0,0.0,0.0,TVE.TO
2012-07-17,,,,,,0.0,0.08333333333333333,TVE.TO
2012-07-23,2.301117464285022,2.3401196522135748,1.8135926723480225,1.8135926723480225,50300.0,0.0,0.0,TVE.TO
2012-07-30,2.0183530936935923,2.0573550499048703,1.8233431964022058,2.047604560852051,77800.0,0.0,0.0,TVE.TO
2012-08-06,1.9013471442484757,2.125608615401731,1.9013471442484757,1.9500995874404907,28500.0,0.0,0.0,TVE.TO
2012-08-13,1.950099920647317,2.1158584882927474,1.75508988208858,1.9988523721694946,60400.0,0.0,0.0,TVE.TO
2012-08-20,2.0476044911531592,2.1158581446695894,1.9013471603393555,1.9013471603393555,84500.0,0.0,0.0,TVE.TO
2012-08-27,1.8915965781034572,1.8915965781034572,1.8038420677185059,1.8038420677185059,31600.0,0.0,0.0,TVE.TO
2012-09-03,1.8818462097082107,1.9500997521778365,1.8038422940114993,1.8330937623977661,44300.0,0.0,0.0,TVE.TO
2012-09-10,1.8525942841587073,2.5936321140571645,1.8525942841587073,2.4863765239715576,804400.0,0.0,0.0,TVE.TO
2012-09-17,2.5351297016629193,3.0714073441997054,2.4376248025489673,2.73013973236084,384200.0,0.0,0.0,TVE.TO
2012-09-24,2.73013973236084,2.73013973236084,2.583882383689912,2.73013973236084,86300.0,0.0,0.0,TVE.TO
2012-10-01,2.778891909318579,2.9739019208867234,2.6813870197695038,2.8276445865631104,64100.0,0.0,0.0,TVE.TO
2012-10-08,2.876397166865941,2.915399124523241,2.7788920402526855,2.7788920402526855,128100.0,0.0,0.0,TVE.TO
2012-10-15,2.8081435747203614,3.168911894162496,2.7106384538795205,2.925149440765381,366400.0,0.0,0.0,TVE.TO
2012-10-22,2.9739019796213007,3.0714071035660964,2.8763970881465033,2.9934029579162598,206900.0,0.0,0.0,TVE.TO
2012-10-29,3.0226543291362304,3.1201594499770713,2.925149440765381,2.925149440765381,114400.0,0.0,0.0,TVE.TO
2012-11-05,2.925149440765381,2.9544009072766357,2.7301394315536904,2.925149440765381,62000.0,0.0,0.0,TVE.TO
2012-11-12,2.8763973135017844,2.9251497630587604,2.583882383689912,2.73013973236084,51600.0,0.0,0.0,TVE.TO
2012-11-19,2.788642671829211,2.8763973135017844,2.700888262626654,2.73013973236084,157100.0,0.0,0.0,TVE.TO
2012-11-26,2.73988987978737,2.778891834557726,2.5351293847730134,2.681386947631836,49100.0,0.0,0.0,TVE.TO
2012-12-03,2.7788914943844807,2.7886419818834804,2.3888717619545314,2.5156280994415283,118900.0,0.0,0.0,TVE.TO
2012-12-10,2.5058780791681508,2.730139565929075,2.4863771005341575,2.5351295471191406,146000.0,0.0,0.0,TVE.TO
2012-12-17,2.6326342987680826,2.6326342987680826,2.3401194283427333,2.544879674911499,240000.0,0.0,0.0,TVE.TO
2012-12-24,2.564381247540133,2.6326346727591092,2.3011175710412197,2.5351295471191406,34500.0,0.0,0.0,TVE.TO
2012-12-31,2.5253790981726754,2.554630566591277,2.388872245552534,2.43762469291687,24800.0,0.0,0.0,TVE.TO
2013-01-07,2.5253793992007783,2.5253793992007783,2.2913673914874604,2.3401200771331787,273600.0,0.0,0.0,TVE.TO
2013-01-14,2.310868372757734,2.4083735115791365,2.2426149383117764,2.3401200771331787,99100.0,0.0,0.0,TVE.TO
2013-01-21,2.388872219591399,2.4181236876921095,2.154860242315711,2.193862199783325,60600.0,0.0,0.0,TVE.TO
2013-01-28,2.242614832033232,2.3401199662338215,2.115858459783496,2.310868263244629,186800.0,0.0,0.0,TVE.TO
2013-02-04,2.2718661394081208,2.43762469291687,2.145109776260847,2.43762469291687,335800.0,0.0,0.0,TVE.TO
2013-02-11,2.388871827618985,2.730139131934569,2.2036123275756836,2.2036123275756836,396700.0,0.0,0.0,TVE.TO
2013-02-18,2.1646107316826146,2.2426146466178425,2.1256087742150003,2.193862199783325,348600.0,0.0,0.0,TVE.TO
2013-02-25,2.193862224112152,2.193862224112152,2.047604649516673,2.135359287261963,145200.0,0.0,0.0,TVE.TO
2013-03-04,2.096357238586144,2.1743611510086995,2.0183530936935923,2.047604560852051,634000.0,0.0,0.0,TVE.TO
2013-03-11,2.0086022502803194,2.1938617420701427,1.9696003009498209,2.0963568687438965,1242600.0,0.0,0.0,TVE.TO
2013-03-18,2.1353589678203497,2.1353589678203497,1.9696004390716553,1.9696004390716553,158600.0,0.0,0.0,TVE.TO
2013-03-25,2.0281037265160538,2.0963573871941996,1.9500998085639019,1.989101767539978,483900.0,0.0,0.0,TVE.TO
2013-04-01,1.9500994630388642,2.028103367170028,1.8525944666399239,1.9696004390716553,597700.0,0.0,0.0,TVE.TO
2013-04-08,1.9500998595130912,2.008602799505679,1.872095823287964,1.8720958232879639,130300.0,0.0,0.0,TVE.TO
2013-04-15,1.901347275656582,1.9598502115303222,1.696586767628488,1.911097764968872,85900.0,0.0,0.0,TVE.TO
2013-04-22,1.9013472250597592,2.115858216691783,1.852594663560664,2.047604560852051,280600.0,0.0,0.0,TVE.TO
2013-04-29,2.0768566818699674,2.2036130652751997,1.9988525211505501,2.1646111011505127,85900.0,0.0,0.0,TVE.TO
2013-05-06,2.1938620442048062,2.388872050183675,2.0963571574503654,2.3206186294555664,488100.0,0.0,0.0,TVE.TO
2013-05-13,2.369371072832787,2.369371072832787,2.271865953608359,2.3206186294555664,111600.0,0.0,0.0,TVE.TO
2013-05-20,2.3888718127492337,2.3888718127492337,2.2426142646843963,2.262115240097046,140300.0,0.0,0.0,TVE.TO
2013-05-27,2.242614178733266,2.2621151533985153,2.0963568687438965,2.0963568687438965,767400.0,0.0,0.0,TVE.TO
2013-06-03,2.1256086756434187,2.193862098046604,2.0671055096849815,2.1451096534729004,1108800.0,0.0,0.0,TVE.TO
2013-06-10,2.1353594689016187,2.1353594689016187,1.9988523721694949,1.9988523721694946,170800.0,0.0,0.0,TVE.TO
2013-06-17,2.047604199610818,2.1743607674048935,1.8720953113885968,2.0963568687438965,295300.0,0.0,0.0,TVE.TO
2013-06-24,2.1743611273664483,2.2231135721004507,2.0963572157920445,2.1256086826324463,258100.0,0.0,0.0,TVE.TO
2013-07-01,2.1451098565507287,2.291367204118042,2.1256088768750874,2.223113775253296,358100.0,0.0,0.0,TVE.TO
2013-07-08,2.242614236278516,2.418123245239258,2.2036122859472314,2.418123245239258,662800.0,0.0,0.0,TVE.TO
2013-07-15,2.4278736016357443,2.6326340622810402,2.4278736016357443,2.4863765239715576,270900.0,0.0,0.0,TVE.TO
2013-07-22,2.4668756744686604,2.5253785997596263,2.349869823886729,2.457125186920166,114600.0,0.0,0.0,TVE.TO
2013-07-29,2.437624348667216,2.5058777653383055,2.388871908187866,2.388871908187866,100100.0,0.0,0.0,TVE.TO
2013-08-05,2.4863771402812063,2.4863771402812063,2.379121756079667,2.43762469291687,87500.0,0.0,0.0,TVE.TO
2013-08-12,2.4376245223591977,2.632634530641931,2.4376245223591977,2.6033830642700195,318300.0,0.0,0.0,TVE.TO
2013-08-19,2.6033830889999794,2.8958979879677313,2.340119656682003,2.8861474990844727,815800.0,0.0,0.0,TVE.TO
2013-08-26,2.84714508989305,3.012903374496855,2.710638034808197,2.7691409587860107,142800.0,0.0,0.0,TVE.TO
2013-09-02,2.8178944024556243,2.8276448924653663,2.5936328997615425,2.6716368198394775,57400.0,0.0,0.0,TVE.TO
2013-09-09,2.7301392396212028,2.827644353607302,2.564380941043791,2.808143377304077,213400.0,0.0,0.0,TVE.TO
2013-09-16,2.8276445523945313,3.1006584723029014,2.8276445523945313,2.925149440765381,424700.0,0.0,0.0,TVE.TO
2013-09-23,2.9348996649291212,3.0226540565490723,2.788642113092566,3.0226540565490723,570500.0,0.0,0.0,TVE.TO
2013-09-30,2.847145530068701,3.0129038402991455,2.847145530068701,2.925149440765381,265900.0,0.0,0.0,TVE.TO
2013-10-07,2.9739023511707967,3.2566668042453606,2.730139859558928,3.207914352416992,3366700.0,0.0,0.0,TVE.TO
2013-10-14,3.2176642557360418,3.7344406157735586,3.12015936986858,3.57843279838562,8267300.0,0.0,0.0,TVE.TO
2013-10-21,3.5589322692305982,3.744191575700262,3.3346707710341486,3.6369361877441406,3090100.0,0.0,0.0,TVE.TO
2013-10-28,3.5686822973034995,3.7539415798030102,3.5101791335178802,3.6174347400665283,3858600.0,0.0,0.0,TVE.TO
2013-11-04,3.607684028881067,3.753941348144507,3.519929404853033,3.558931589126587,1283800.0,0.0,0.0,TVE.TO
2013-11-11,3.510179121489546,3.753941566939375,3.441925701855189,3.6564366817474365,1575100.0,0.0,0.0,TVE.TO
2013-11-18,3.7051890997458625,3.7441910535637164,3.5589317729289096,3.734440565109253,1110100.0,0.0,0.0,TVE.TO
2013-11-25,3.7539411762376806,3.870947258760262,3.6369353261850583,3.7636916637420654,1170400.0,0.0,0.0,TVE.TO
2013-12-02,3.773442917243219,3.792944128680632,3.5589321486017496,3.646686553955078,629400.0,0.0,0.0,TVE.TO
2013-12-09,3.65643661810381,3.65643661810381,3.4126741768968896,3.4516761302948,587900.0,0.0,0.0,TVE.TO
2013-12-16,3.461426728447208,3.5296801490586773,3.168911836213779,3.4809277057647705,1711900.0,0.0,0.0,TVE.TO
2013-12-23,3.4126745663112135,3.744191440492244,3.4126745663112135,3.6661875247955322,434200.0,0.0,0.0,TVE.TO
2013-12-30,3.636936089183493,3.7929441544527878,3.5199299821140198,3.588183641433716,611800.0,0.0,0.0,TVE.TO
2014-01-06,3.510179231100518,4.134210980755282,3.5004287422768496,4.046456813812256,3983500.0,0.0,0.0,TVE.TO
2014-01-13,4.056207108052037,4.309720284775282,3.997704174563592,4.290219306945801,3782800.0,0.0,0.0,TVE.TO
2014-01-20,4.3389711289545305,4.4852286819963565,4.25121696908139,4.416975498199463,2322900.0,0.0,0.0,TVE.TO
2014-01-27,4.387724210520099,4.602234967349709,4.202464688060896,4.251217365264893,6995700.0,0.0,0.0,TVE.TO
2014-02-03,4.260967922775427,4.4267264790517284,4.22196596423277,4.397475242614746,2905900.0,0.0,0.0,TVE.TO
2014-02-10,4.416976100137364,4.5827341869047205,4.338971720262129,4.38772439956665,1494500.0,0.0,0.0,TVE.TO
2014-02-17,4.387724338587956,4.553482887991679,4.309720424736792,4.543732166290283,2777100.0,0.0,0.0,TVE.TO
2014-02-24,4.5632332577619765,4.914251343725209,4.436477127084709,4.87524938583374,2170200.0,0.0,0.0,TVE.TO
2014-03-03,5.070259045293129,5.275019551443429,4.806995603805602,5.226267337799072,2664800.0,0.0,0.0,TVE.TO
2014-03-10,5.265268651570996,5.265268651570996,4.631486232086905,4.894749641418457,1918200.0,0.0,0.0,TVE.TO
2014-03-17,4.92400245449607,5.431028412062909,4.816746829354993,5.314022064208984,4100700.0,0.0,0.0,TVE.TO
2014-03-24,5.411526355084939,5.928302467624463,5.12876196182219,5.704041004180908,6344200.0,0.0,0.0,TVE.TO
2014-03-31,5.782045610926359,5.850299269785595,5.509031905369438,5.762544631958008,4866300.0,0.0,0.0,TVE.TO
2014-04-07,5.811297416687012,6.142814530069701,5.557784220584951,5.811297416687012,3072800.0,0.0,0.0,TVE.TO
2014-04-14,5.908801555633545,5.9673044860924955,5.470029344721435,5.908801555633545,2318000.0,0.0,0.0,TVE.TO
2014-04-21,5.947804051729003,6.084310901916355,5.6747903513542965,5.75279426574707,1847900.0,0.0,0.0,TVE.TO
2014-04-28,5.830797584592473,5.869799537805269,5.59678540037574,5.704041004180908,2182700.0,0.0,0.0,TVE.TO
2014-05-05,5.704041076332288,5.850298635200288,4.972753746932253,5.470029354095459,2719400.0,0.0,0.0,TVE.TO
2014-05-12,5.606537032021086,5.665039971345024,5.167764754621536,5.216516971588135,1372100.0,0.0,0.0,TVE.TO
2014-05-19,5.25551899712126,5.499281479834825,5.128762859464635,5.343273639678955,1272900.0,0.0,0.0,TVE.TO
2014-05-26,5.2847697125783535,5.538282405482803,5.2847697125783535,5.4992804527282715,1019100.0,0.0,0.0,TVE.TO
2014-06-02,5.694291952834078,6.523084331326422,5.577285603505939,6.415828704833984,2756300.0,0.0,0.0,TVE.TO
2014-06-09,6.532834589222068,6.688842900012902,6.172066213222116,6.415828704833984,2564200.0,0.0,0.0,TVE.TO
2014-06-16,6.435328273218252,6.620587781977589,6.2988214380576695,6.337823390960693,1295800.0,0.0,0.0,TVE.TO
2014-06-23,6.386575984403275,6.386575984403275,5.899051114294322,6.172064781188965,1709800.0,0.0,0.0,TVE.TO
2014-06-30,6.201317572611092,6.562085928588114,6.191566850316564,6.425579071044922,557000.0,0.0,0.0,TVE.TO
2014-07-07,6.35732448742546,6.474330348343361,5.869799601994244,5.908801555633545,1000400.0,0.0,0.0,TVE.TO
2014-07-14,5.899051760762007,6.0355586091688975,5.499281007303261,5.947803974151611,1745900.0,0.0,0.0,TVE.TO
2014-07-21,6.045308300923177,6.289070739911047,5.84054781497817,6.259819507598877,1620400.0,0.0,0.0,TVE.TO
2014-07-28,6.259820046125147,6.357324937120556,5.91855269517122,6.064809799194336,886700.0,0.0,0.0,TVE.TO
2014-08-04,6.142813307483467,6.328072341683382,5.752793333764847,6.19156551361084,1265800.0,0.0,0.0,TVE.TO
2014-08-11,6.484080413743248,6.864349655754742,6.2988209202145935,6.610836982727051,7406300.0,0.0,0.0,TVE.TO
2014-08-18,6.630338797130974,7.069111019246123,6.484081234779266,6.961855411529541,1744800.0,0.0,0.0,TVE.TO
2014-08-25,7.039859916393861,7.420129703668303,6.815598425798681,7.293373107910156,2297400.0,0.0,0.0,TVE.TO
2014-09-01,7.361626644374831,7.654141324022702,6.942354906136208,7.2836222648620605,6999600.0,0.0,0.0,TVE.TO
2014-09-08,7.244619289144852,7.3031222168502286,7.020357833804274,7.117863178253174,3064600.0,0.0,0.0,TVE.TO
2014-09-15,7.1178636617179585,7.1178636617179585,6.454829506142056,6.679090976715088,3470000.0,0.0,0.0,TVE.TO
2014-09-22,6.679091424562895,6.688842146299863,6.1135625821387665,6.435328960418701,2973900.0,0.0,0.0,TVE.TO
2014-09-29,6.435328250227722,6.649839455367952,5.772294588305092,5.977055072784424,4197500.0,0.0,0.0,TVE.TO
2014-10-06,5.977055763068978,6.045308955817951,5.0117561583363015,5.070259094238281,4233000.0,0.0,0.0,TVE.TO
2014-10-13,4.963003018860017,5.25551764383001,4.163462114062201,5.031256198883057,4751700.0,0.0,0.0,TVE.TO
2014-10-20,5.060507919537708,5.665038612484274,4.836246473452378,4.914250373840332,2936300.0,0.0,0.0,TVE.TO
2014-10-27,4.699740247593431,4.972753933795551,4.309720230936138,4.806995391845703,1819900.0,0.0,0.0,TVE.TO
2014-11-03,4.777743564981589,4.845996745591376,4.192713845072397,4.836246490478516,2037700.0,0.0,0.0,TVE.TO
2014-11-10,5.119012007636849,5.138512987163579,4.192714782707144,4.241466999053955,1613100.0,0.0,0.0,TVE.TO
2014-11-17,4.241466889885413,4.524231318215106,3.95870246155572,4.231716632843018,2794000.0,0.0,0.0,TVE.TO
2014-11-24,4.173213004402626,4.231715931785007,2.847145255582174,3.120159149169922,4726500.0,0.0,0.0,TVE.TO
2014-12-01,3.1201591491699214,3.412674018551796,2.80814330399392,3.120159149169922,5066200.0,0.0,0.0,TVE.TO
2014-12-08,2.944650664511498,3.10065873141178,2.505878165236339,2.6228842735290527,2193800.0,0.0,0.0,TVE.TO
2014-12-15,2.6326343875629843,3.2761670777101735,2.505877807703703,3.1299097537994385,4693400.0,0.0,0.0,TVE.TO
2014-12-22,3.168911718490992,3.168911718490992,3.032404649869205,3.0909078121185303,727800.0,0.0,0.0,TVE.TO
2014-12-29,3.09090776830847,3.393173133687475,2.9836521660965807,3.246915578842163,1391600.0,0.0,0.0,TVE.TO
2015-01-05,3.2371654271876644,3.246915916359585,2.934900030388123,2.9739019870758057,1244900.0,0.0,0.0,TVE.TO
2015-01-12,2.9348996649291212,3.042155032464617,2.6813867455570697,3.0226540565490723,1851200.0,0.0,0.0,TVE.TO
2015-01-19,3.032404816805114,3.344420924411614,2.905648461971841,3.2859177589416504,1743000.0,0.0,0.0,TVE.TO
2015-01-26,3.256666234142812,3.8416962510796555,3.1884128135313423,3.4809277057647705,2677000.0,0.0,0.0,TVE.TO
2015-02-02,3.558932014229094,3.9489520437914596,3.4224249341412665,3.695438861846924,2787100.0,0.0,0.0,TVE.TO
2015-02-09,3.841696470416233,3.958702341001905,3.568682539912998,3.9197003841400146,1672500.0,0.0,0.0,TVE.TO
2015-02-16,3.9392008286691556,4.33897106479045,3.831945461835873,4.134210586547852,1114500.0,0.0,0.0,TVE.TO
2015-02-23,4.241466923314453,4.338971819206966,4.036706409470168,4.153712749481201,815600.0,0.0,0.0,TVE.TO
2015-03-02,4.182963531177783,4.348722068650557,3.880698154290946,4.03670597076416,1225800.0,0.0,0.0,TVE.TO
2015-03-09,3.9099502092268543,4.192714634863608,3.4614269985178585,3.7051894664764404,834400.0,0.0,0.0,TVE.TO
2015-03-16,3.656436628553697,3.9294507680592887,3.412674186650117,3.8514466285705566,1157300.0,0.0,0.0,TVE.TO
2015-03-23,3.6954386933246193,4.075707983960088,3.6954386933246193,3.8611972332000732,1181300.0,0.0,0.0,TVE.TO
2015-03-30,3.9001988961219385,4.260967182427632,3.7929435287653717,4.056206703186035,1084600.0,0.0,0.0,TVE.TO
2015-04-06,4.192714417798393,4.338971519049512,4.095209063711,4.290219306945801,1648700.0,0.0,0.0,TVE.TO
2015-04-13,4.358472334113626,4.641237199491347,4.163462563101371,4.436476707458496,1903100.0,0.0,0.0,TVE.TO
2015-04-20,4.377972968788464,4.680238787625467,4.270717835590748,4.368222713470459,1285300.0,0.0,0.0,TVE.TO
2015-04-27,4.3779730796813965,4.42672575232611,4.212215015557244,4.3779730796813965,827900.0,0.0,0.0,TVE.TO
2015-05-04,4.3389711788911445,4.553482383138587,3.6661870315776923,3.7246899604797363,945900.0,0.0,0.0,TVE.TO
2015-05-11,3.7539415359497066,3.948951769663695,3.685688116878798,3.753941535949707,5776000.0,0.0,0.0,TVE.TO
2015-05-18,3.744191262687188,3.851446874146792,3.6564368616956897,3.8319458961486816,1508200.0,0.0,0.0,TVE.TO
2015-05-25,3.78319326496694,3.8319457075629093,3.4809276559319646,3.6564366817474365,1154700.0,0.0,0.0,TVE.TO
2015-06-01,3.6564368981104103,3.9294510577429187,3.5686824962449597,3.714939832687378,4036900.0,0.0,0.0,TVE.TO
2015-06-08,3.6856876475733933,3.8709471367892663,3.675937160376239,3.792943239212036,1613700.0,0.0,0.0,TVE.TO
2015-06-15,3.7636922781681834,3.8806983797921153,3.6954388544950554,3.714939832687378,1867900.0,0.0,0.0,TVE.TO
2015-06-22,3.6856885118898903,3.8514470655828505,3.597934106536562,3.646686553955078,926900.0,0.0,0.0,TVE.TO
2015-06-29,3.6271851979246033,3.6271851979246033,3.285917636531358,3.315169334411621,725100.0,0.0,0.0,TVE.TO
2015-07-06,3.227414929925772,3.2956685864281288,2.9836524687687804,2.9934029579162598,1777900.0,0.0,0.0,TVE.TO
2015-07-13,2.97390170915801,3.2371651246673108,2.97390170915801,3.1299097537994385,2030300.0,0.0,0.0,TVE.TO
2015-07-20,3.081157581707345,3.1104090490452947,2.554630472214256,2.6911375522613525,1415800.0,0.0,0.0,TVE.TO
2015-07-27,2.5448798734656024,2.8763969539536034,2.4473749865397125,2.681386947631836,1826000.0,0.0,0.0,TVE.TO
2015-08-03,2.6813866125986334,2.7983924622900846,2.5156280930657857,2.5741312503814697,865100.0,0.0,0.0,TVE.TO
2015-08-10,2.574131825269593,2.8178942990369027,2.4863771859325547,2.6228842735290527,655800.0,0.0,0.0,TVE.TO
2015-08-17,2.671636086308661,2.671636086308661,2.0573546869434427,2.0963568687438965,2615800.0,0.0,0.0,TVE.TO
2015-08-24,1.8525948661074898,2.5643814584289335,1.7843414352755094,2.349870443344116,1893400.0,0.0,0.0,TVE.TO
2015-08-31,2.4668761613354717,2.6618861832628227,2.2913671183538553,2.43762469291687,1220300.0,0.0,0.0,TVE.TO
2015-09-07,2.5156289085656414,2.583882575481633,2.2913673914874604,2.3401200771331787,762000.0,0.0,0.0,TVE.TO
2015-09-14,2.3206184617827823,2.5838818694680596,2.2913667654,2.505877733230591,3395600.0,0.0,0.0,TVE.TO
2015-09-21,2.5058779367409088,2.5546303805549364,2.203612552623949,2.242614507675171,2985100.0,0.0,0.0,TVE.TO
2015-09-28,2.1646107015997917,2.4473751217802597,2.154860212368396,2.2718660831451416,2328600.0,0.0,0.0,TVE.TO
2015-10-05,2.2718657863906904,3.1689116083856277,2.2718657863906904,3.0226540565490723,5761900.0,0.0,0.0,TVE.TO
2015-10-12,2.8276447097317994,2.9349000929076934,2.7496405622247813,2.817894220352173,2243900.0,0.0,0.0,TVE.TO
2015-10-19,2.7593912112389143,2.8471458532022833,2.6423853319144457,2.7106387615203857,1847300.0,0.0,0.0,TVE.TO
2015-10-26,2.6423850194325684,2.720388929757666,2.5351294102655695,2.6033830642700195,3237500.0,0.0,0.0,TVE.TO
2015-11-02,2.574131641265521,3.071407042905793,2.574131641265521,2.8276445865631104,1545300.0,0.0,0.0,TVE.TO
2015-11-09,2.856895685195923,2.9056481236866456,2.613133260272345,2.856895685195923,1837400.0,0.0,0.0,TVE.TO
2015-11-16,2.8471453766481907,2.954400748076591,2.6131334246980655,2.632634401321411,1290600.0,0.0,0.0,TVE.TO
2015-11-23,2.671636085489655,2.84714508989305,2.5936321868525702,2.7691409587860107,1052000.0,0.0,0.0,TVE.TO
2015-11-30,2.7301392396212028,2.9739016758814882,2.7301392396212028,2.808143377304077,1960000.0,0.0,0.0,TVE.TO
2015-12-07,2.769141542933665,2.944650584360518,2.515628586414879,2.7983930110931396,2454000.0,0.0,0.0,TVE.TO
2015-12-14,2.7398902593904175,2.9056488225997374,2.583882418694605,2.6521358489990234,965900.0,0.0,0.0,TVE.TO
2015-12-21,2.6521356855441613,2.759391069412232,2.603383238331402,2.7593910694122314,1079900.0,0.0,0.0,TVE.TO
2015-12-28,2.730139769655769,2.925149803017614,2.730139769655769,2.9153993129730225,807200.0,0.0,0.0,TVE.TO
2016-01-04,2.876397236948254,2.9251496852077143,2.5546306134957986,2.6228842735290527,1719000.0,0.0,0.0,TVE.TO
2016-01-11,2.6521356555096833,2.6521356555096833,2.154860234630993,2.2133631706237793,911200.0,0.0,0.0,TVE.TO
2016-01-18,2.1256086791219757,2.8568960463342616,2.106107701260581,2.8471455574035645,1419400.0,0.0,0.0,TVE.TO
2016-01-25,2.7788920710600844,3.2079140749866264,2.6033832596565056,3.0031535625457764,3450200.0,0.0,0.0,TVE.TO
2016-02-01,2.993402674946765,3.2859175541894166,2.798392677961671,3.1689116954803467,1828400.0,0.0,0.0,TVE.TO
2016-02-08,3.17866252314148,3.2761674158111567,2.9056485911963836,3.2176644802093506,855500.0,0.0,0.0,TVE.TO
2016-02-15,3.2859174539857463,3.480927445024033,3.0519057437037658,3.0811572074890137,605500.0,0.0,0.0,TVE.TO
2016-02-22,3.2469159082207315,3.266416886515691,2.9251495338839018,2.9934029579162598,4363900.0,0.0,0.0,TVE.TO
2016-02-29,3.0421555340455217,3.363922154643804,2.905648680129894,3.2664170265197754,3984000.0,0.0,0.0,TVE.TO
2016-03-07,3.4126745970645103,3.705189516033181,3.1689121258456163,3.588183641433716,1881800.0,0.0,0.0,TVE.TO
2016-03-14,3.539430973488546,3.666187329752189,3.3054190063779814,3.5296802520751953,2485000.0,0.0,0.0,TVE.TO
2016-03-21,3.510178916902137,3.666186956586443,3.2664164856597675,3.558931589126587,3422000.0,0.0,0.0,TVE.TO
2016-03-28,3.6076845722810096,3.870948019078677,3.4614269985178585,3.7051894664764404,1883200.0,0.0,0.0,TVE.TO
2016-04-04,3.7539416317029355,3.958702126608548,3.6174347900791854,3.841696262359619,3363900.0,0.0,0.0,TVE.TO
2016-04-11,3.8416962226977516,3.9489518296219446,3.4906781686349193,3.57843279838562,1809600.0,0.0,0.0,TVE.TO
2016-04-18,3.461427042266367,4.095209327486965,3.402924105009698,3.890449047088623,2400300.0,0.0,0.0,TVE.TO
2016-04-25,3.8416966075575285,4.095209336209742,3.7636924585791465,3.870948076248169,1230500.0,0.0,0.0,TVE.TO
2016-05-02,3.851446895383616,4.143961799438195,3.4906783354893043,4.095209121704102,2711000.0,0.0,0.0,TVE.TO
2016-05-09,4.085458216326695,4.173212836336121,3.73444020122891,3.7636916637420654,4111100.0,0.0,0.0,TVE.TO
2016-05-16,3.822195628430435,3.9977044405742754,3.7636924585791465,3.870948076248169,1364400.0,0.0,0.0,TVE.TO
2016-05-23,3.9294507680592887,3.9977039542307167,3.685688093685729,3.8514466285705566,1933300.0,0.0,0.0,TVE.TO
2016-05-30,3.8221957266838187,3.86119768594059,3.568682759044791,3.6369361877441406,1359800.0,0.0,0.0,TVE.TO
2016-06-06,3.6856884470956803,4.173213610120191,3.6564369791588103,3.822195529937744,2683900.0,0.0,0.0,TVE.TO
2016-06-13,3.7441913458802083,3.8319459812915415,3.5296803506647274,3.5979340076446533,1753100.0,0.0,0.0,TVE.TO
2016-06-20,3.6856881932492582,3.7344406364529545,3.441925744760789,3.5004286766052246,5307700.0,0.0,0.0,TVE.TO
2016-06-27,3.471177191461427,3.627185241319351,3.276167187256519,3.57843279838562,2024300.0,0.0,0.0,TVE.TO
2016-07-04,3.6271854267042247,3.6271854267042247,3.276167354700914,3.3931734561920166,1346000.0,0.0,0.0,TVE.TO
2016-07-11,3.412674291539183,3.607684297549705,3.324919893445942,3.4614267349243164,3381300.0,0.0,0.0,TVE.TO
2016-07-18,3.4224247612167074,3.6076842775217393,3.402923783970913,3.5199296474456787,976200.0,0.0,0.0,TVE.TO
2016-07-25,3.5004286153434023,3.510179103813496,3.1884127518304206,3.315169334411621,1642800.0,0.0,0.0,TVE.TO
2016-08-01,3.3541711437350235,3.422424560084116,3.2371650546666064,3.402923583984375,1028900.0,0.0,0.0,TVE.TO
2016-08-08,3.4809277057647705,3.5394308701874455,3.2761672114603746,3.4809277057647705,1335500.0,0.0,0.0,TVE.TO
2016-08-15,3.4906781686349193,3.6466862184928432,3.480927680048173,3.57843279838562,2065600.0,0.0,0.0,TVE.TO
2016-08-22,3.539430883508639,3.597933815681512,3.344420877129074,3.4419257640838623,858400.0,0.0,0.0,TVE.TO
2016-08-29,3.3931733403146116,3.45167627282728,3.2176643103066174,3.3834228515625,1137300.0,0.0,0.0,TVE.TO
2016-09-05,3.4224253179691453,3.607684864411783,3.324920415878296,3.324920415878296,1068600.0,0.0,0.0,TVE.TO
2016-09-12,3.3054186516840973,3.315169139581161,3.071406709684604,3.120159149169922,1460700.0,0.0,0.0,TVE.TO
2016-09-19,3.1689121308657557,3.315169706816794,3.100658703907942,3.2664170265197754,1361100.0,0.0,0.0,TVE.TO
2016-09-26,3.25666622215747,3.558931834407254,3.100658404191115,3.5199296474456787,3867300.0,0.0,0.0,TVE.TO
2016-10-03,3.519929861449024,3.7929440244287265,3.4224249692919875,3.5979340076446533,4979700.0,0.0,0.0,TVE.TO
2016-10-10,3.714939955895983,3.7831936143027898,3.539431146344208,3.7051894664764404,3053400.0,0.0,0.0,TVE.TO
2016-10-17,3.695438611291399,3.792943728306016,3.6076842152012274,3.734440565109253,1384900.0,0.0,0.0,TVE.TO
2016-10-24,3.753941671572202,3.753941671572202,3.3151694435086903,3.344420909881592,3952700.0,0.0,0.0,TVE.TO
2016-10-31,3.3151696922032654,3.393173608382634,2.9544011149336713,3.0031535625457764,6178900.0,0.0,0.0,TVE.TO
2016-11-07,3.1299096565545383,3.198163072258945,2.9641511288024383,3.0226540565490723,3837000.0,0.0,0.0,TVE.TO
2016-11-14,3.022654139624032,3.3346702277881723,2.993402674946765,3.1689116954803467,2273200.0,0.0,0.0,TVE.TO
2016-11-21,3.3151695896856532,3.354171546569249,3.207913975785764,3.256666421890259,1864800.0,0.0,0.0,TVE.TO
2016-11-28,3.3541711437350235,3.617434553551496,2.925149204600782,3.402923583984375,6345100.0,0.0,0.0,TVE.TO
2016-12-05,3.4516766787907205,3.490678638386319,3.227415178646011,3.295668840408325,1490800.0,0.0,0.0,TVE.TO
2016-12-12,3.48092771227837,3.529680155663504,3.2761672175908214,3.4614267349243164,1832300.0,0.0,0.0,TVE.TO
2016-12-19,3.4516761187087135,3.588183187613173,3.412674165441719,3.490678071975708,1490400.0,0.0,0.0,TVE.TO
2016-12-26,3.5101793328394306,3.578432989053362,3.324920039820181,3.3736724853515625,495100.0,0.0,0.0,TVE.TO
2017-01-02,3.422424786692905,3.5004286962567357,3.159161359444988,3.4419257640838623,7964100.0,0.0,0.0,TVE.TO
2017-01-09,3.402923945277109,3.4614268797876617,3.344421010766556,3.3931734561920166,1949300.0,0.0,0.0,TVE.TO
2017-01-16,3.393173242172371,3.471177149933121,3.129909821009858,3.315169334411621,32977700.0,0.0,0.0,TVE.TO
2017-01-23,3.315169925669211,3.4516767885964,3.1494113596447435,3.324920415878296,5060600.0,0.0,0.0,TVE.TO
2017-01-30,3.305418757293937,3.3151692455025334,3.1006582724434306,3.188412666320801,3108100.0,0.0,0.0,TVE.TO
2017-02-06,3.1786623260471214,3.217664280696659,2.915398899692758,3.100658416748047,4041400.0,0.0,0.0,TVE.TO
2017-02-13,3.1104088004375177,3.1201592887708336,2.993402707967747,3.051905870437622,3111300.0,0.0,0.0,TVE.TO
2017-02-20,3.07140689022937,3.139660309520916,2.8763968883549684,2.89589786529541,3779900.0,0.0,0.0,TVE.TO
2017-02-27,2.8958981273071136,2.9544010634216,2.827644701840213,2.837395191192627,3472600.0,0.0,0.0,TVE.TO
2017-03-06,2.847145882338808,2.915399312643226,2.583882418694605,2.6521358489990234,4246700.0,0.0,0.0,TVE.TO
2017-03-13,2.6521356702957655,2.8861476480415686,2.6033832233633074,2.7983930110931396,4969200.0,0.0,0.0,TVE.TO
2017-03-20,2.7788922195643706,2.7886427096078585,2.535129736007144,2.6521358489990234,3675700.0,0.0,0.0,TVE.TO
2017-03-27,2.6033832142646784,2.905648616659528,2.564381256855021,2.837395191192627,2411200.0,0.0,0.0,TVE.TO
2017-04-03,2.8373949226794233,3.0129037144138344,2.7886422480609943,2.9348998069763184,4870500.0,0.0,0.0,TVE.TO
2017-04-10,2.9739020610091913,3.0811576770367712,2.7691415508383606,2.7788920402526855,3554400.0,0.0,0.0,TVE.TO
2017-04-17,2.77889198568835,2.817894175049836,2.5741317120080507,2.613133668899536,1740200.0,0.0,0.0,TVE.TO
2017-04-24,2.6326346727591092,2.6716366300270953,2.476626611217161,2.5351295471191406,3001900.0,0.0,0.0,TVE.TO
2017-05-01,2.5643814584289335,2.583882438666642,2.2718662899232593,2.349870443344116,8602700.0,0.0,0.0,TVE.TO
2017-05-08,2.379121404485856,2.4863767728368704,2.3401194523582145,2.4473748207092285,3716000.0,0.0,0.0,TVE.TO
2017-05-15,2.505877748900691,2.5351292129964222,2.1938618994095864,2.4473748207092285,9388400.0,0.0,0.0,TVE.TO
2017-05-22,2.5253792795218977,2.5253792795218977,2.252365322206289,2.310868263244629,3536100.0,0.0,0.0,TVE.TO
2017-05-29,2.3108680721861674,2.369371240857592,2.115858284848097,2.193862199783325,5268900.0,0.0,0.0,TVE.TO
2017-06-05,2.154860266212026,2.3206188197575686,2.047604649516673,2.135359287261963,4285700.0,0.0,0.0,TVE.TO
2017-06-12,2.1646105457957026,2.2231134769731575,1.9793510312637765,2.01835298538208,3697100.0,0.0,0.0,TVE.TO
2017-06-19,2.0378541839135864,2.1061078435083544,1.9110978192533201,2.0768563747406006,2212800.0,0.0,0.0,TVE.TO
2017-06-26,2.0963573137244733,2.262115633563568,2.076856334919874,2.174361228942871,1564700.0,0.0,0.0,TVE.TO
2017-07-03,2.1938621291143385,2.232864085325616,1.9793511374823147,2.047604560852051,842600.0,0.0,0.0,TVE.TO
2017-07-10,2.0476046573646807,2.193862232520732,2.0281036783398747,2.115858316421509,1236100.0,0.0,0.0,TVE.TO
2017-07-17,2.1256088768750874,2.379121845128445,2.1061078971994456,2.223113775253296,1603000.0,0.0,0.0,TVE.TO
2017-07-24,2.2718664102171866,2.3888725303088627,2.203612975771229,2.3401200771331787,1710500.0,0.0,0.0,TVE.TO
2017-07-31,2.340119807676784,2.340119807676784,2.0183531888274717,2.115858316421509,1637000.0,0.0,0.0,TVE.TO
2017-08-07,2.0866071085617444,2.1353595622143478,1.930599024403378,2.0573554039001465,2613800.0,0.0,0.0,TVE.TO
2017-08-14,2.0671055096849815,2.203612586961345,2.0573550207702405,2.1451096534729004,2056700.0,0.0,0.0,TVE.TO
2017-08-21,2.154859888740595,2.213362815342701,2.0866064743714716,2.2036123275756836,894500.0,0.0,0.0,TVE.TO
2017-08-28,2.193862485136092,2.3401200771331787,2.106108069419861,2.3401200771331787,1787300.0,0.0,0.0,TVE.TO
2017-09-04,2.340119943944023,2.496127785226944,2.340119943944023,2.3693714141845703,1825100.0,0.0,0.0,TVE.TO
2017-09-11,2.38887186421337,2.6423847825092808,2.3303689367150757,2.5838818550109863,3959000.0,0.0,0.0,TVE.TO
2017-09-18,2.5741315847647015,2.769141359582491,2.5351293973311546,2.6423850059509277,1582200.0,0.0,0.0,TVE.TO
2017-09-25,2.6716366644292653,2.8081437490949965,2.632634706659058,2.7593910694122314,3513900.0,0.0,0.0,TVE.TO
2017-10-02,2.730139539573993,2.730139539573993,2.564381222785179,2.613133668899536,2036300.0,0.0,0.0,TVE.TO
2017-10-09,2.652134910487443,2.6911368568597682,2.4668754327489593,2.476625919342041,1864900.0,0.0,0.0,TVE.TO
2017-10-16,2.4961274423675968,2.6423850059509277,2.42787402118137,2.6423850059509277,3304300.0,0.0,0.0,TVE.TO
2017-10-23,2.652135334408303,2.8861472825169763,2.622883869953466,2.808143377304077,4023600.0,0.0,0.0,TVE.TO
2017-10-30,2.827644649496995,3.0519061329211707,2.827644649496995,2.9739019870758057,4196400.0,0.0,0.0,TVE.TO
2017-11-06,2.9934030208312574,3.071407168120576,2.759391043903309,2.837395191192627,4311100.0,0.0,0.0,TVE.TO
2017-11-13,2.8276446915690436,2.847145670203037,2.4571256325831676,2.5351295471191406,4632200.0,0.0,0.0,TVE.TO
2017-11-20,2.5253791445401226,2.6813872114404047,2.457125716976879,2.6228842735290527,2441500.0,0.0,0.0,TVE.TO
2017-11-27,2.583881927157381,2.778891690930034,2.4668758364238137,2.7496402263641357,3129300.0,0.0,0.0,TVE.TO
2017-12-04,2.7593908708416017,2.8178940357569275,2.5936325622464804,2.6423850059509277,1939000.0,0.0,0.0,TVE.TO
2017-12-11,2.6423844238943617,2.739889289825175,2.4473744595627966,2.476625919342041,1085000.0,0.0,0.0,TVE.TO
2017-12-18,2.4863767158023373,2.700887680053711,2.4571252523776,2.700887680053711,1572800.0,0.0,0.0,TVE.TO
2017-12-25,2.7496406856135023,2.8178943468037416,2.7301397059791523,2.788642644882202,469900.0,0.0,0.0,TVE.TO
2018-01-01,2.788642443387852,3.0129039254487977,2.671636574036053,2.6911375522613525,1033200.0,0.0,0.0,TVE.TO
2018-01-08,2.700887977832566,2.9153989657342487,2.6813870000660485,2.8861474990844727,3213800.0,0.0,0.0,TVE.TO
2018-01-15,2.925149461684919,3.0031533729394524,2.8178940837099353,2.8666465282440186,4342800.0,0.0,0.0,TVE.TO
2018-01-22,2.8568963060724415,2.9446507144270164,2.7788921550650274,2.788642644882202,2607100.0,0.0,0.0,TVE.TO
2018-01-29,2.7788922099466378,2.8081439124458827,2.6033833897712846,2.6716368198394775,2168900.0,0.0,0.0,TVE.TO
2018-02-05,2.6131338986591555,2.6911378193006157,2.252365300752359,2.3693714141845703,2036900.0,0.0,0.0,TVE.TO
2018-02-12,2.408372853521218,2.5546301730852776,2.2913667654,2.505877733230591,2036400.0,0.0,0.0,TVE.TO
2018-02-19,2.5253791445401226,2.6618862321366206,2.505878165236339,2.6228842735290527,2879900.0,0.0,0.0,TVE.TO
2018-02-26,2.622884388739338,2.661886349060068,2.349870434024205,2.3693714141845703,3057600.0,0.0,0.0,TVE.TO
2018-03-05,2.369371405267844,2.710638789259953,2.369371405267844,2.6521358489990234,2596000.0,0.0,0.0,TVE.TO
2018-03-12,2.661885970246658,2.759390857172548,2.632634504168891,2.681386947631836,1580200.0,0.0,0.0,TVE.TO
2018-03-19,2.691137627841732,2.847145690495602,2.613133712749799,2.7983930110931396,2393200.0,0.0,0.0,TVE.TO
2018-03-26,2.808143884122018,2.837395353856204,2.6228843433354925,2.73013973236084,998200.0,0.0,0.0,TVE.TO
2018-04-02,2.700887905662332,2.7983927918894977,2.544879855228881,2.7398898601531982,2651400.0,0.0,0.0,TVE.TO
2018-04-09,2.7593908853416456,3.0324048039911733,2.710638441381014,2.964151382446289,4656900.0,0.0,0.0,TVE.TO
2018-04-16,2.954401023572391,3.3054191004647544,2.954401023572391,3.256666421890259,11035500.0,0.0,0.0,TVE.TO
2018-04-23,3.217664273553798,3.558931840919647,3.1689118303501016,3.5004286766052246,6501400.0,0.0,0.0,TVE.TO
2018-04-30,3.4516765632529864,3.6174351184558726,3.393173625817853,3.5686826705932617,8965800.0,0.0,0.0,TVE.TO
2018-05-07,3.627185278766596,3.9392011492337264,3.4906782046728586,3.841696262359619,12054100.0,0.0,0.0,TVE.TO
2018-05-14,3.861197731488418,4.095209489789518,3.8026947919131433,4.085459232330322,5824300.0,0.0,0.0,TVE.TO
2018-05-21,4.095209647383345,4.182964292593291,3.9197008219035054,3.9977047443389893,5439200.0,0.0,0.0,TVE.TO
2018-05-28,3.948952537278811,4.270718950772333,3.8904493628045125,4.22196626663208,7572300.0,0.0,0.0,TVE.TO
2018-06-04,4.21221551795629,4.338971645059095,4.046456969121852,4.26096773147583,5145100.0,0.0,0.0,TVE.TO
2018-06-11,4.2609679701265195,4.299969929102596,3.9489522983179115,3.978203535079956,6353400.0,0.0,0.0,TVE.TO
2018-06-18,3.909950120351139,4.2999696882674625,3.909950120351139,4.26096773147583,5593300.0,0.0,0.0,TVE.TO
2018-06-25,4.260967656809326,4.543732071063675,4.2512174002522745,4.4949798583984375,6278500.0,0.0,0.0,TVE.TO
2018-07-02,4.52423170180019,4.582734643834756,4.436477521218369,4.465728759765625,2665600.0,0.0,0.0,TVE.TO
2018-07-09,4.49497999904248,4.602235149225918,4.34872242659051,4.426726341247559,5959100.0,0.0,0.0,TVE.TO
2018-07-16,4.387724045469572,4.416975743679623,4.231716228189222,4.3584723472595215,4431100.0,0.0,0.0,TVE.TO
2018-07-23,4.377974057854695,4.611986287918892,4.358473077427682,4.58273458480835,3556500.0,0.0,0.0,TVE.TO
2018-07-30,4.592485244696382,4.816746749010601,4.572984264536017,4.738742828369141,4853200.0,0.0,0.0,TVE.TO
2018-08-06,4.7777429750035,4.836245893276213,4.582732782487927,4.7874932289123535,3105400.0,0.0,0.0,TVE.TO
2018-08-13,4.777744897959649,4.806996136399169,4.4754794660909845,4.748493194580078,8710500.0,0.0,0.0,TVE.TO
2018-08-20,4.748492431531342,5.031256837355427,4.680239242846893,4.924001693725586,4243500.0,0.0,0.0,TVE.TO
2018-08-27,4.9435027280923,5.011755917562264,4.621735898679679,4.728991508483887,11085200.0,0.0,0.0,TVE.TO
2018-09-03,4.758243873591509,4.806996092189016,4.3194711165736575,4.58273458480835,3750000.0,0.0,0.0,TVE.TO
2018-09-10,4.631487122147787,4.7192417637692925,4.416976344221925,4.6509881019592285,6686800.0,0.0,0.0,TVE.TO
2018-09-17,4.680239751311139,4.943503208263638,4.436477273949934,4.767993927001953,13900800.0,0.0,0.0,TVE.TO
2018-09-24,4.80699466941393,4.9727531864523264,4.7777434399012195,4.9045000076293945,4576400.0,0.0,0.0,TVE.TO
2018-10-01,4.953252211797215,5.0702580597278795,4.865497593379263,4.9045000076293945,4036900.0,0.0,0.0,TVE.TO
2018-10-08,4.875249816423197,4.95325373909556,4.2024652859639895,4.22196626663208,3360200.0,0.0,0.0,TVE.TO
2018-10-15,4.241466874207125,4.251217596153493,3.9587024469226515,3.9684531688690186,4117100.0,0.0,0.0,TVE.TO
2018-10-22,3.9684526652157013,4.04645657112678,3.5004285323393027,3.6076841354370117,3471500.0,0.0,0.0,TVE.TO
2018-10-29,3.6759377772147803,3.6759377772147803,3.2079138482750214,3.2859177589416504,3889800.0,0.0,0.0,TVE.TO
2018-11-05,3.2956685946891877,3.480927888955681,2.8958980737004403,2.9739019870758057,4383500.0,0.0,0.0,TVE.TO
2018-11-12,2.9739014919302846,3.0031529545757674,2.3596203114352234,2.457125186920166,7471500.0,0.0,0.0,TVE.TO
2018-11-19,2.4376241448756404,2.4766260939984583,2.106107344861737,2.154859781265259,5116800.0,0.0,0.0,TVE.TO
2018-11-26,2.2133632030622152,2.2718661399124045,2.1158583083119,2.135359287261963,5150800.0,0.0,0.0,TVE.TO
2018-12-03,2.3011176352933798,2.3693712948881474,1.9696007567888276,2.0768563747406006,5663900.0,0.0,0.0,TVE.TO
2018-12-10,2.0378537014268523,2.320618297507188,1.9500993159005124,2.154859781265259,4970100.0,0.0,0.0,TVE.TO
2018-12-17,2.145109959206054,2.145109959206054,1.7648403723930157,1.9988523721694946,17894100.0,0.0,0.0,TVE.TO
2018-12-24,1.989101683514762,2.2621156172844348,1.9696007048504998,2.2133631706237793,2290000.0,0.0,0.0,TVE.TO
2018-12-31,2.242614487582027,2.379121561508231,2.1061076461258095,2.3206186294555664,3589500.0,0.0,0.0,TVE.TO
2019-01-07,2.369371809882297,2.544880660636497,2.2036132183666037,2.3011181354522705,8042900.0,0.0,0.0,TVE.TO
2019-01-14,2.2913670934523602,2.457125645159724,2.115858284848097,2.193862199783325,10102700.0,0.0,0.0,TVE.TO
2019-01-21,2.193862120091432,2.2133630981168677,1.9988521073670837,2.086606740951538,3729500.0,0.0,0.0,TVE.TO
2019-01-28,2.067105958368752,2.1841120832128564,1.9988525211505501,2.1646111011505127,4375300.0,0.0,0.0,TVE.TO
2019-02-04,2.14510943936106,2.1743609031855784,1.9793509118854873,2.0281033515930176,1977200.0,0.0,0.0,TVE.TO
2019-02-11,2.00860282424417,2.408373384057242,2.00860282424417,2.349870443344116,3711400.0,0.0,0.0,TVE.TO
2019-02-18,2.3498700236186285,2.6618858841608177,2.3498700236186285,2.5546302795410156,4906400.0,0.0,0.0,TVE.TO
2019-02-25,2.5351295797635336,2.886147664635411,2.4961276219933266,2.7593910694122314,5331700.0,0.0,0.0,TVE.TO
2019-03-04,2.7788917644399294,2.7788917644399294,2.398622482554035,2.4961273670196533,3892700.0,0.0,0.0,TVE.TO
2019-03-11,2.5058775082132696,2.6033826116370626,2.4278736114501953,2.4278736114501953,2341200.0,0.0,0.0,TVE.TO
2019-03-18,2.4376239825051167,2.6521349208619593,2.369370576086556,2.3986220359802246,9269800.0,0.0,0.0,TVE.TO
2019-03-25,2.340119943944023,2.466876314986396,2.3011177511532717,2.3693714141845703,4211500.0,0.0,0.0,TVE.TO
2019-04-01,2.408372853521218,2.535129197143403,2.2913667654,2.505877733230591,5019300.0,0.0,0.0,TVE.TO
2019-04-08,2.554630220422204,2.8861472825169763,2.535129244118979,2.808143377304077,8932100.0,0.0,0.0,TVE.TO
2019-04-15,2.8178943468037416,2.8373953264380916,2.6716367670761025,2.788642644882202,3481800.0,0.0,0.0,TVE.TO
2019-04-22,2.8373952174226518,3.012904027388585,2.730139601084576,2.7593910694122314,3444800.0,0.0,0.0,TVE.TO
2019-04-29,2.749640055525138,2.7886420058564227,2.359620319742331,2.418123245239258,3626800.0,0.0,0.0,TVE.TO
2019-05-06,2.3596204439002566,2.5643809263834982,2.3108677709509333,2.388871908187866,5955300.0,0.0,0.0,TVE.TO
2019-05-13,2.42787449284941,2.4766269460250943,2.2718664102171866,2.3401200771331787,5104800.0,0.0,0.0,TVE.TO
2019-05-20,2.3596207514906884,2.4376246664259167,2.135359263581904,2.193862199783325,2173200.0,0.0,0.0,TVE.TO
2019-05-27,2.1938618683650466,2.28161625941046,2.067105293273926,2.067105293273926,1770500.0,0.0,0.0,TVE.TO
2019-06-03,2.096357229964256,2.154860164040562,1.9891016183543662,2.086606740951538,2330400.0,0.0,0.0,TVE.TO
2019-06-10,2.115858163992767,2.1548601192326355,1.8038421733688355,1.8428441286087036,3557300.0,0.0,0.0,TVE.TO
2019-06-17,1.833093659496207,2.2523650315350485,1.8233431705814662,2.1451096534729004,4371900.0,0.0,0.0,TVE.TO
2019-06-24,2.1646102859417384,2.30111710896863,2.0281032304448914,2.037853717803955,2429500.0,0.0,0.0,TVE.TO
2019-07-01,2.0281038430828016,2.0768565270750052,1.9598504109517527,1.9988523721694946,1229900.0,0.0,0.0,TVE.TO
2019-07-08,1.9988523673089957,2.1061079928670052,1.98910187702827,2.0086028575897217,2546300.0,0.0,0.0,TVE.TO
2019-07-15,2.0183531273628432,2.0768562951256793,1.8915967675616985,1.9598501920700073,1315700.0,0.0,0.0,TVE.TO
2019-07-22,1.9598502459843863,2.086606841742534,1.8135927874938358,1.823343276977539,2977400.0,0.0,0.0,TVE.TO
2019-07-29,1.8525944524109237,2.154859927302566,1.7453389688193723,2.0281033515930176,3608800.0,0.0,0.0,TVE.TO
2019-08-05,1.9598503495118558,2.047604759500738,1.7940919032978464,1.8720958232879639,2083800.0,0.0,0.0,TVE.TO
2019-08-12,1.8720955066245544,1.9208480646069324,1.667335135050534,1.7258380651474,2212800.0,0.0,0.0,TVE.TO
2019-08-19,1.7648400403768416,1.833093575902489,1.647834178735717,1.6575846672058105,1331400.0,0.0,0.0,TVE.TO
2019-08-26,1.67708581476934,1.9110977943294807,1.6185827617618034,1.8330937623977661,1668200.0,0.0,0.0,TVE.TO
2019-09-02,1.784341170301396,1.9988520372964051,1.7745906816304862,1.9305986166000366,818200.0,0.0,0.0,TVE.TO
2019-09-09,1.950099762240651,2.184111743008329,1.950099762240651,2.115858316421509,1777300.0,0.0,0.0,TVE.TO
2019-09-16,2.3011174836748545,2.379121627719252,2.0963572157920445,2.1256086826324463,1626000.0,0.0,0.0,TVE.TO
2019-09-23,2.125608591677399,2.2133629884435817,1.9891015197933524,2.01835298538208,4370500.0,0.0,0.0,TVE.TO
2019-09-30,2.018353289504444,2.028103779503209,1.8038423932966112,1.8720958232879639,1436400.0,0.0,0.0,TVE.TO
2019-10-07,1.8818461451723958,1.8915967505351017,1.6478342898724339,1.6770857572555542,1957600.0,0.0,0.0,TVE.TO
2019-10-14,1.6770857772226702,1.7550896911730267,1.6088322362811078,1.6185827255249023,955400.0,0.0,0.0,TVE.TO
2019-10-21,1.5795806236702457,1.7745906231297779,1.569830135320768,1.7258380651474,2019000.0,0.0,0.0,TVE.TO
2019-10-28,1.7453390418463552,1.7745906231297779,1.6380835537671115,1.7258380651474,1970400.0,0.0,0.0,TVE.TO
2019-11-04,1.7745907312159517,1.9110976926579484,1.5503292530487438,1.7648401260375977,7623000.0,0.0,0.0,TVE.TO
2019-11-11,1.7258380455724394,1.83309353243516,1.6965865808557852,1.8038420677185059,2004400.0,0.0,0.0,TVE.TO
2019-11-18,1.784341099743171,1.8135925645992093,1.599081589851617,1.7745906114578247,3405700.0,0.0,0.0,TVE.TO
2019-11-25,1.7648401260375977,1.803842198046023,1.7355886592075263,1.7648401260375977,2198100.0,0.0,0.0,TVE.TO
2019-12-02,1.7745905868868024,1.8720954683902087,1.6770855891484089,1.8623449802398682,3676000.0,0.0,0.0,TVE.TO
2019-12-09,1.833093394349107,1.9403488731323235,1.8135924193403365,1.8818458318710327,3143700.0,0.0,0.0,TVE.TO
2019-12-16,1.9013471442484757,1.9988520306325057,1.8915966556100727,1.9500995874404907,3440800.0,0.0,0.0,TVE.TO
2019-12-23,1.9598500793294131,1.9891015452931373,1.9110976360565397,1.9403491020202637,1120400.0,0.0,0.0,TVE.TO
2019-12-30,1.9598500859294523,2.008602529366506,1.9013471538049882,1.9208481311798096,1314000.0,0.0,0.0,TVE.TO
2020-01-06,1.9403495151338985,2.213363488058513,1.9403495151338985,2.0573554039001465,5866900.0,0.0,0.0,TVE.TO
2020-01-13,2.0573548312192145,2.0573548312192145,1.9305984870060733,1.9696004390716553,2451800.0,0.0,0.0,TVE.TO
2020-01-20,1.9696006104172623,1.9696006104172623,1.745339134060545,1.8135926723480225,3810900.0,0.0,0.0,TVE.TO
2020-01-27,1.7550898090920592,1.7843413950237665,1.6185828342724553,1.6478344202041626,2632500.0,0.0,0.0,TVE.TO
2020-02-03,1.6380836963653564,1.7258382153848397,1.579580761175701,1.6380836963653564,4134300.0,0.0,0.0,TVE.TO
2020-02-10,1.6283331918031247,1.6965867317820575,1.569830257165467,1.6868362426757812,7877400.0,0.0,0.0,TVE.TO
2020-02-17,1.6868363797997614,1.7160878494964604,1.6088323443735557,1.6478344202041626,3160000.0,0.0,0.0,TVE.TO
2020-02-24,1.5795804858926947,1.5795804858926947,1.014051629775811,1.2578140497207642,3725700.0,0.0,0.0,TVE.TO
2020-03-02,1.2675645436540603,1.3358180727285005,1.1408080892886543,1.228562593460083,3127200.0,0.0,0.0,TVE.TO
2020-03-09,0.7605388231958249,1.0335527418453525,0.6337823526631874,0.7410378456115723,6819900.0,0.0,0.0,TVE.TO
2020-03-16,0.6532834232159409,0.7410378851440521,0.3802694318843161,0.477774441242218,6631500.0,0.0,0.0,TVE.TO
2020-03-23,0.516776388708456,0.6045309070928161,0.41927143931388855,0.41927143931388855,5600600.0,0.0,0.0,TVE.TO
2020-03-30,0.4290218659007313,0.6142813066733769,0.39001988601668636,0.5655288100242615,6908800.0,0.0,0.0,TVE.TO
2020-04-06,0.5752794078363304,0.6727844197965568,0.5070259227111726,0.594780445098877,7240200.0,0.0,0.0,TVE.TO
2020-04-13,0.5947803427049441,0.6045308305988789,0.46802385479006137,0.5167763233184814,2764600.0,0.0,0.0,TVE.TO
2020-04-20,0.4777744770709641,0.672784452293244,0.46802395796872337,0.6630339622497559,3943800.0,0.0,0.0,TVE.TO
2020-04-27,0.6240318697035354,0.8092913328379443,0.5947804030537593,0.7215368747711182,4364300.0,0.0,0.0,TVE.TO
2020-05-04,0.731287411591602,0.7995408963660513,0.7020359430243388,0.7507883906364441,1979800.0,0.0,0.0,TVE.TO
2020-05-11,0.7800399484391703,0.8287924561136505,0.6630339532674195,0.68253493309021,4498700.0,0.0,0.0,TVE.TO
2020-05-18,0.7605387558263451,0.8970457611766443,0.70203582825585,0.7702893018722534,4574500.0,0.0,0.0,TVE.TO
2020-05-25,0.7995408478446662,0.819041825706061,0.7117863893508911,0.7117863893508911,11257700.0,0.0,0.0,TVE.TO
2020-06-01,0.7312873622579932,0.936047802767932,0.682534859817294,0.9067963361740112,5421100.0,0.0,0.0,TVE.TO
2020-06-08,1.0433033224135142,1.0628042995405906,0.780039840610503,0.7995408177375793,6931900.0,0.0,0.0,TVE.TO
2020-06-15,0.760538798077258,0.9067962994811508,0.7410378211370706,0.8287923336029053,4614700.0,0.0,0.0,TVE.TO
2020-06-22,0.8775448455865134,0.9555488757718702,0.7897903842748621,0.8092913627624512,3770500.0,0.0,0.0,TVE.TO
2020-06-29,0.8092913881738261,0.9067963999083843,0.7995408986238707,0.897045910358429,1083400.0,0.0,0.0,TVE.TO
2020-07-06,0.9165468894583397,0.9750498848755743,0.828792425391239,0.897045910358429,5271400.0,0.0,0.0,TVE.TO
2020-07-13,0.9067963566760562,0.9067963566760562,0.7800398823348601,0.8482933640480042,4402500.0,0.0,0.0,TVE.TO
2020-07-20,0.8385428131313442,0.9067962898116868,0.8092912899154858,0.8580437898635864,3998200.0,0.0,0.0,TVE.TO
2020-07-27,0.8580438072363045,0.8677942957998427,0.7897903291740412,0.7995408177375793,1988500.0,0.0,0.0,TVE.TO
2020-08-03,0.8092914254250315,0.9457984597602515,0.7995409354262668,0.9360479116439819,3976700.0,0.0,0.0,TVE.TO
2020-08-10,0.9360478208331514,1.0530538638194817,0.9360478208331514,1.0238022804260254,5239500.0,0.0,0.0,TVE.TO
2020-08-17,1.0433034185585437,1.0628043974827217,0.906796391736794,0.9165468811988831,6761700.0,0.0,0.0,TVE.TO
2020-08-24,0.9165468250386515,0.9555488386147104,0.8775448114625927,0.9067963361740112,5782300.0,0.0,0.0,TVE.TO
2020-08-31,0.9165468606791918,0.9262973499229864,0.7995408735186567,0.8092913627624512,4482700.0,0.0,0.0,TVE.TO
2020-09-07,0.7800398076564123,0.7800398076564123,0.6922852980569131,0.7020358443260193,5110100.0,0.0,0.0,TVE.TO
2020-09-14,0.7117863138955435,0.8092912509836709,0.6922852799839243,0.7800397872924805,4232800.0,0.0,0.0,TVE.TO
2020-09-21,0.7800397418982004,0.7800397418982004,0.6922852396965027,0.6922852396965027,2582100.0,0.0,0.0,TVE.TO
2020-09-28,0.7020359004201937,0.7507883450736808,0.6727843755106031,0.7117863893508911,2831600.0,0.0,0.0,TVE.TO
2020-10-05,0.7215368041126817,0.799540765657501,0.7117863161842659,0.7702893018722534,1881200.0,0.0,0.0,TVE.TO
2020-10-12,0.770289405787273,0.8385428886113351,0.7410378799383891,0.8092913627624512,2054100.0,0.0,0.0,TVE.TO
2020-10-19,0.8287923993675406,0.8385428886113351,0.7897903842748621,0.8092913627624512,2020300.0,0.0,0.0,TVE.TO
2020-10-26,0.7897904068436302,0.7995408963660513,0.7020359430243388,0.7507883906364441,3134600.0,0.0,0.0,TVE.TO
2020-11-02,0.7800399173212091,0.8482934020956585,0.741037901114023,0.7507883906364441,2991900.0,0.0,0.0,TVE.TO
2020-11-09,0.8287923336029054,0.9750497768893025,0.7897903216050348,0.8287923336029053,5874900.0,0.0,0.0,TVE.TO
2020-11-16,0.8677942710407257,0.9360477471556429,0.8482932944700335,0.8872953057289124,4339800.0,0.0,0.0,TVE.TO
2020-11-23,0.8872954873086447,1.0140519190755866,0.8775449389104125,1.0043014287948608,5021000.0,0.0,0.0,TVE.TO
2020-11-30,1.004301373514008,1.0140518632580269,0.8872954384682767,0.994550883769989,4899500.0,0.0,0.0,TVE.TO
2020-12-07,1.014051884025466,1.3650698707038986,0.9652994343069373,1.3553193807601929,25406100.0,0.0,0.0,TVE.TO
2020-12-14,1.3553193946299764,1.374820374716953,1.1993114376991545,1.3260679244995117,12140300.0,0.0,0.0,TVE.TO
2020-12-21,1.2480636835098269,1.287065753531065,1.2090617297235793,1.2480636835098267,5250900.0,0.0,0.0,TVE.TO
2020-12-28,1.2578139328571831,1.2773149060433457,1.2188119864848577,1.2383129596710205,2092800.0,0.0,0.0,TVE.TO
2021-01-04,1.2675645152024007,1.404071570287254,1.218812078554223,1.3845704793930054,8951700.0,0.0,0.0,TVE.TO
2021-01-11,1.3358180427448274,1.452824006935432,1.3358180427448274,1.3845704793930054,5050900.0,0.0,0.0,TVE.TO
2021-01-18,1.3748199920633697,1.4820754689243385,1.3163170680855563,1.3845704793930054,5473900.0,0.0,0.0,TVE.TO
2021-01-25,1.3650696483063232,1.3748201366614763,1.248063671809496,1.2968162298202515,9462900.0,0.0,0.0,TVE.TO
2021-02-01,1.3260678157410648,1.6478343094912866,1.2870658587658865,1.6185827255249023,10106600.0,0.0,0.0,TVE.TO
2021-02-08,1.677085664915029,2.0963571392612823,1.5600796855899108,1.9793510437011719,29490100.0,0.0,0.0,TVE.TO
2021-02-15,2.125608822686857,2.125608822686857,1.9988522255565815,2.0768563747406006,10334800.0,0.0,0.0,TVE.TO
2021-02-22,2.0963568687438965,2.3206183098642184,2.0573546869434427,2.0963568687438965,16288100.0,0.0,0.0,TVE.TO
2021-03-01,2.1743613887347157,2.398622893938388,2.145109918378153,2.349870443344116,25663200.0,0.0,0.0,TVE.TO
2021-03-08,2.3888718127492337,2.3888718127492337,2.193861826152772,2.262115240097046,17266200.0,0.0,0.0,TVE.TO
2021-03-15,2.2621152590389983,2.2621152590389983,2.0281033196577254,2.1841113567352295,14073800.0,0.0,0.0,TVE.TO
2021-03-22,2.193861826152772,2.3401193742176094,1.9403489133183613,2.262115240097046,18645000.0,0.0,0.0,TVE.TO
2021-03-29,2.3888725303088627,2.3888725303088627,2.2426149383117764,2.3401200771331787,14335400.0,0.0,0.0,TVE.TO
2021-04-05,2.349869876550914,2.3693708520849492,2.193861839808666,2.2036123275756836,9808100.0,0.0,0.0,TVE.TO
2021-04-12,2.2913672828985154,2.408373397445218,2.223113851687119,2.310868263244629,10170400.0,0.0,0.0,TVE.TO
2021-04-19,2.3206184182367915,2.3303689060247628,2.10610745443146,2.1841113567352295,9987500.0,0.0,0.0,TVE.TO
2021-04-26,2.164610421777815,2.5448796851143403,2.1548599338068777,2.505877733230591,14223800.0,0.0,0.0,TVE.TO
2021-05-03,2.535129186979653,2.75939064188208,2.505877723184115,2.544879674911499,11332100.0,0.0,0.0,TVE.TO
2021-05-10,2.5936321140571645,2.613133088169102,2.310867524494169,2.4863765239715576,8904400.0,0.0,0.0,TVE.TO
2021-05-17,2.4863767728368704,2.5936323736578566,2.3693709164539456,2.4473748207092285,8413000.0,0.0,0.0,TVE.TO
2021-05-24,2.5156279851394645,2.5643806528892577,2.3498697051879933,2.4863765239715576,12909900.0,0.0,0.0,TVE.TO
2021-05-31,2.535129618071387,2.827644770708093,2.535129618071387,2.661886215209961,15195700.0,0.0,0.0,TVE.TO
2021-06-07,2.661885997013843,2.6911374633857545,2.4961274551030206,2.6033830642700195,13116300.0,0.0,0.0,TVE.TO
2021-06-14,2.6228834609682905,2.6716358941244054,2.359620089455333,2.3986220359802246,19590500.0,0.0,0.0,TVE.TO
2021-06-21,2.437624737673095,2.6813872114404047,2.427874248021203,2.6228842735290527,14093200.0,0.0,0.0,TVE.TO
2021-06-28,2.6326344190290483,2.6326344190290483,2.4473749073911937,2.5546302795410156,5444500.0,0.0,0.0,TVE.TO
2021-07-05,2.5643810003882526,2.681386860915331,2.3693710003731416,2.5546302795410156,12511400.0,0.0,0.0,TVE.TO
2021-07-12,2.5253791926957585,2.5838823641926987,2.213363285415475,2.223113775253296,13793400.0,0.0,0.0,TVE.TO
2021-07-19,2.037854286518322,2.466876314986396,1.9988523261975915,2.3693714141845703,18716600.0,0.0,0.0,TVE.TO
2021-07-26,2.3986227790655272,2.632634763180945,2.3791217997617435,2.6228842735290527,14338000.0,0.0,0.0,TVE.TO
2021-08-02,2.5643805311497108,2.6618853970805243,2.4473744595627966,2.476625919342041,14243700.0,0.0,0.0,TVE.TO
2021-08-09,2.437624854413805,2.4961277951269314,2.3498704433441158,2.349870443344116,8194100.0,0.0,0.0,TVE.TO
2021-08-16,2.330369318164381,2.330369318164381,2.0183531888274717,2.115858316421509,12967100.0,0.0,0.0,TVE.TO
2021-08-23,2.291367141772799,2.4083732491130743,2.1938622460475767,2.379121780395508,9974100.0,0.0,0.0,TVE.TO
2021-08-30,2.3986223655502807,2.5253787091724655,2.3206184617827823,2.505877733230591,6539800.0,0.0,0.0,TVE.TO
2021-09-06,2.476625919342041,2.54487932549361,2.3791210534112275,2.476625919342041,5881000.0,0.0,0.0,TVE.TO
2021-09-13,2.535129440472266,2.964151417312186,2.505877973751816,2.8666465282440186,25325600.0,0.0,0.0,TVE.TO
2021-09-20,2.7593906492192484,3.0714067288079043,2.6813867455570697,3.0226540565490723,21226600.0,0.0,0.0,TVE.TO
2021-09-27,3.0909077896743,3.2274146248348816,3.022654139624032,3.1689116954803467,17019600.0,0.0,0.0,TVE.TO
2021-10-04,3.2274144386640438,3.549180996493092,3.20791346333743,3.471176862716675,17771000.0,0.0,0.0,TVE.TO
2021-10-11,3.5199298142982145,3.5589320031085796,3.2956685653410953,3.3931734561920166,10599800.0,0.0,0.0,TVE.TO
2021-10-18,3.422424560084116,3.451676024233727,3.2079135905169953,3.402923583984375,14871600.0,0.0,0.0,TVE.TO
2021-10-25,3.4711770896135348,3.656436599795993,3.4321751364109074,3.510179042816162,15646000.0,0.0,0.0,TVE.TO
2021-11-01,3.549181561566135,3.646686453723172,3.4419259477233948,3.5979340076446533,12363600.0,0.0,0.0,TVE.TO
2021-11-08,3.607684251513923,3.7344406026977985,3.549181320198288,3.6174347400665283,10989900.0,0.0,0.0,TVE.TO
2021-11-15,3.6076841526277263,3.8514465922313565,3.490678060733595,3.5491812229156494,12501900.0,0.0,0.0,TVE.TO
2021-11-22,3.490678207561257,3.7149396800272583,3.2761672237907344,3.4419257640838623,11882800.0,0.0,0.0,TVE.TO
2021-11-29,3.7051891411942712,3.7051891411942712,3.0031532672095698,3.1981632709503174,29000300.0,0.0,0.0,TVE.TO
2021-12-06,3.363922149314733,3.6564370682834038,3.3054192120150003,3.588183641433716,16294900.0,0.0,0.0,TVE.TO
2021-12-13,3.5491816262461375,3.5881835838197205,3.1689120749636923,3.4224250316619873,36736800.0,0.0,0.0,TVE.TO
2021-12-20,3.129909875787144,3.558931840919647,3.129909875787144,3.5004286766052246,11830300.0,0.0,0.0,TVE.TO
2021-12-27,3.5589317671756815,3.8124446990518956,3.5589317671756815,3.753941535949707,5255400.0,0.0,0.0,TVE.TO
2022-01-03,3.8319457116430664,4.114709879000768,3.802694246054339,4.03670597076416,15132400.0,0.0,0.0,TVE.TO
2022-01-10,4.143962292730546,4.602235565235362,3.997704707057929,4.58273458480835,23149600.0,0.0,0.0,TVE.TO
2022-01-17,4.621736161150133,4.7582434777223375,4.2122156062535465,4.348722457885742,16667100.0,0.0,0.0,TVE.TO
2022-01-24,4.134211455629258,4.728992039602159,4.007455318831783,4.61198616027832,22071200.0,0.0,0.0,TVE.TO
2022-01-28,,,,,,0.008,0.0,TVE.TO
2022-01-31,4.7373760618967005,5.137855599971148,4.590859180443333,5.001106262207031,22181800.0,0.0,0.0,TVE.TO
2022-02-07,4.991337798676482,4.991337798676482,4.649465448797652,4.9229631423950195,16331100.0,0.0,0.0,TVE.TO
2022-02-14,4.93273179704543,5.010874005465553,4.493181176035786,4.6006269454956055,18485200.0,0.0,0.0,TVE.TO
2022-02-21,4.7471446309593555,4.883893519079556,4.512717499846058,4.835054397583008,12783500.0,0.0,0.0,TVE.TO
2022-02-25,,,,,,0.008,0.0,TVE.TO
2022-02-28,4.911597670512176,5.391016811060372,4.892029570890227,5.342096328735352,21291900.0,0.0,0.0,TVE.TO
2022-03-07,5.576913567011008,5.958492212378722,5.107278705938691,5.195335388183594,22206900.0,0.0,0.0,TVE.TO
2022-03-14,5.009438393518344,5.224687965563611,4.4517472959853635,5.097495079040527,17050900.0,0.0,0.0,TVE.TO
2022-03-21,5.195334828113768,5.273607218764482,4.950733374060162,5.136630535125732,15761200.0,0.0,0.0,TVE.TO
2022-03-28,4.911597728729248,5.175767310026905,4.784404846408816,4.911597728729248,12780100.0,0.0,0.0,TVE.TO
2022-03-30,,,,,,0.008,0.0,TVE.TO
2022-04-04,4.987804720240506,5.046600002919977,4.654630984460133,4.929009437561035,17246800.0,0.0,0.0,TVE.TO
2022-04-11,4.850614871781919,5.046599598955566,4.664430058498788,4.958406448364258,11440700.0,0.0,0.0,TVE.TO
2022-04-18,5.046599261810092,5.399371373344531,4.821217144338549,4.850614547729492,20604800.0,0.0,0.0,TVE.TO
2022-04-25,4.615434129340486,5.105395285599448,4.497843563981545,4.929009437561035,17074700.0,0.0,0.0,TVE.TO
2022-04-28,,,,,,0.008,0.0,TVE.TO
2022-05-02,4.848781215882974,5.251210271676405,4.721181599352114,4.937119483947754,27874500.0,0.0,0.0,TVE.TO
2022-05-09,4.799703991490617,4.799703991490617,4.1911526608787515,4.475797653198242,21170700.0,0.0,0.0,TVE.TO
2022-05-16,4.623027562237346,4.937118772753184,4.554319978302971,4.642658233642578,11455300.0,0.0,0.0,TVE.TO
2022-05-23,4.691735801494041,5.133426203821321,4.691735801494041,5.054903507232666,12068200.0,0.0,0.0,TVE.TO
2022-05-30,5.1137957868719415,5.634008911951938,5.094165111737455,5.5162248611450195,25445200.0,0.0,0.0,TVE.TO
2022-06-06,5.652605221367058,6.370240337786683,5.603451944981452,6.1146440505981445,33822500.0,0.0,0.0,TVE.TO
2022-06-13,5.878710068309102,6.07532225704435,4.708866373433296,4.77768087387085,24248700.0,0.0,0.0,TVE.TO
2022-06-20,4.630221031830953,5.052937429438562,4.050214430308569,4.286149501800537,21142000.0,0.0,0.0,TVE.TO
2022-06-27,4.394285631527423,4.846494055019238,4.178012261873246,4.256657123565674,15960100.0,0.0,0.0,TVE.TO
2022-06-29,,,,,,0.01,0.0,TVE.TO
2022-07-04,4.393571131270335,4.5413370691755635,3.5266780673122935,4.048784255981445,23837700.0,0.0,0.0,TVE.TO
2022-07-11,3.9010178839587093,3.9601241585962756,3.4281672171232622,3.7631030082702637,17536800.0,0.0,0.0,TVE.TO
2022-07-18,3.93057107925415,4.23595397245428,3.8616137578265226,3.9305710792541504,12865600.0,0.0,0.0,TVE.TO
2022-07-25,3.9896780399107326,4.551187955490112,3.9601246639531453,4.3837199211120605,15852700.0,0.0,0.0,TVE.TO
2022-07-28,,,,,,0.01,0.0,TVE.TO
2022-08-01,4.146825091276977,4.304799707786639,3.5544215740659935,3.7913830280303955,13817100.0,0.0,0.0,TVE.TO
2022-08-08,3.791382782998125,4.196191976016687,3.70252233177943,4.127078056335449,14525300.0,0.0,0.0,TVE.TO
2022-08-15,3.949357836435481,4.186319080637542,3.8407505995095366,4.117205619812012,16568800.0,0.0,0.0,TVE.TO
2022-08-22,3.9987245930804134,4.393659960120375,3.929610668448373,4.215939044952393,15648900.0,0.0,0.0,TVE.TO
2022-08-29,4.245559809423155,4.531888211321912,3.870370706659221,4.018471717834473,13833200.0,0.0,0.0,TVE.TO
2022-08-30,,,,,,0.01,0.0,TVE.TO
2022-09-05,4.11645914382932,4.11645914382932,3.6909599154313413,3.9383432865142822,11996300.0,0.0,0.0,TVE.TO
2022-09-12,3.760226964705912,4.057086944775798,3.7503316399010207,4.037296295166016,30758400.0,0.0,0.0,TVE.TO
2022-09-19,3.938343047447175,4.175830842784465,3.4831576345377293,3.50294828414917,26383400.0,0.0,0.0,TVE.TO
2022-09-26,3.5029480614837474,3.839389555338593,3.2456693969658206,3.750331401824951,22333500.0,0.0,0.0,TVE.TO
2022-09-28,,,,,,0.01,0.0,TVE.TO
2022-10-03,3.959616703415276,4.525276164873729,3.8901498101211285,4.396265983581543,23247900.0,0.0,0.0,TVE.TO
2022-10-10,4.1680175349479445,4.316875405454541,3.9496930052227617,4.1580939292907715,13680000.0,0.0,0.0,TVE.TO
2022-10-17,4.207712814892837,4.396266050447863,4.019160052543927,4.326799392700195,14498800.0,0.0,0.0,TVE.TO
2022-10-24,4.326799228059573,5.15047879668521,4.316875149784037,5.120707035064697,25467400.0,0.0,0.0,TVE.TO
2022-10-28,,,,,,0.01,0.0,TVE.TO
2022-10-31,5.081189618146716,5.568426738468968,5.061302398422312,5.329780101776123,22765000.0,0.0,0.0,TVE.TO
2022-11-07,5.379497528076172,5.478934093713119,5.001640380420776,5.379497528076172,16144000.0,0.0,0.0,TVE.TO
2022-11-14,5.3297801396668465,5.389441799264207,4.69338815566422,5.041415214538574,17249200.0,0.0,0.0,TVE.TO
2022-11-21,4.912148269123916,5.081189882655414,4.67350114585923,5.061302661895752,12046900.0,0.0,0.0,TVE.TO
2022-11-28,4.951922598257024,5.270118597338749,4.852486496715464,5.051358699798584,15599100.0,0.0,0.0,TVE.TO
2022-11-29,,,,,,0.013,0.0,TVE.TO
2022-12-05,5.154333254478947,5.20418145259389,4.306909132603076,4.32684850692749,18124700.0,0.0,0.0,TVE.TO
2022-12-12,4.316878553550101,4.526242220269396,4.1473936352161775,4.21718168258667,15785500.0,0.0,0.0,TVE.TO
2022-12-19,4.24709133101362,4.486363841012699,4.047697097288836,4.466424465179443,12099800.0,0.0,0.0,TVE.TO
2022-12-26,4.466424418195529,4.496333719326897,4.187272684074215,4.4464850425720215,5276600.0,0.0,0.0,TVE.TO
2022-12-29,,,,,,0.013,0.0,TVE.TO
2023-01-02,4.369999885559082,4.389999866485596,4.019999980926514,4.179999828338623,9326000.0,0.0,0.0,TVE.TO
2023-01-09,4.28000020980835,4.329999923706055,4.139999866485596,4.239999771118164,3022000.0,0.0,0.0,TVE.TO
2023-01-10,4.260000228881836,4.28000020980835,4.144999980926514,4.239999771118164,1470608.0,0.0,0.0,TVE.TO
