Date,Symbol,Open_Predictions,Open_True,High_Predictions,High_True,bought,sold,profit,Predicted_Profit,True_Profit,Low_Predictions,Low_True,Close_Predictions,Close_True,Median_Price_Predictions,Median_Price_True
2022-01-31,NTR.TO,86.34304150556927,85.48539210996108,87.14639563461185,86.86371938426893,0,0,0.0,0.9304213924300484,1.612354158164095,84.63300890819198,84.6544892467384,86.00984564192186,86.78551483154298,86.04152016215966,85.75910431550366
2022-02-01,NTR.TO,87.08611947996674,87.96832943579562,87.74912043363874,90.74453135293881,0,0,0.0,0.7613164504643066,3.155910695302481,85.31784048947806,87.3036056633526,87.1893258350974,90.70542907714845,86.6420176100574,89.0240685081457
2022-02-02,NTR.TO,91.98009922036036,90.52946585695003,91.8493535685124,91.71228164447595,0,0,0.0,-0.14214558687822887,1.3065533705842682,89.38019434624358,89.85496470104013,91.12806324969642,91.40924835205078,90.63778341879734,90.78362317275803
2022-02-03,NTR.TO,91.60613587069777,90.9107063168385,92.36654252666884,91.00845827289177,0,0,0.0,0.8300826672182495,0.1075252409904266,89.98491718323419,89.16091870889895,91.8355432992912,89.44440460205078,91.36285170262286,90.08468849089536
2022-02-04,NTR.TO,90.05609057144507,89.52261097190149,90.86510972696381,91.19419406581711,0,0,0.0,0.8983502952272886,1.8672188799769174,88.75826750819327,89.41508158065578,89.8617495823537,90.30463409423828,90.06454225499914,90.30463782323646
2022-02-07,NTR.TO,90.63258741192305,90.30463966019309,91.91091021542992,90.50992102213394,0,0,0.0,1.4104450066033252,0.2273209468675077,89.4773627507469,88.60373161982832,90.72611129689903,89.90385437011719,91.23083918160219,89.55682632098113
2022-02-08,NTR.TO,90.37246011739639,90.28508335548554,90.81072493241037,92.5040832989844,0,0,0.0,0.48495394995849495,2.45777027724705,88.42681690373165,89.88429064689986,90.32352532499135,92.28903198242188,89.9778559554116,91.1941869729421
2022-02-09,NTR.TO,92.75003835344111,93.05150607073637,93.35391674972132,94.12679246707283,0,0,0.0,0.6510815596420798,1.1555819370822888,91.03751851849115,92.73869534711127,92.7095393395939,93.13948059082031,92.40705350073911,93.43274390709206
2022-02-10,NTR.TO,93.66164365731983,92.86578031140141,94.42738615835039,96.24804888883601,0,0,0.0,0.8175625273374294,3.6421042994448953,92.77954473229028,92.52364471764294,93.54628675334061,94.3027572631836,93.70641695875226,94.38584680323947
2022-02-11,NTR.TO,94.23746611546856,94.29297977946446,96.7317210905778,95.47579566468373,0,0,0.0,2.646776359683784,1.2544050341665667,93.03514603273368,93.45229948782158,94.69151996990149,95.02613067626955,94.97064108636148,94.46404757625265
2022-02-14,NTR.TO,95.00508297489436,95.06522848538104,96.10464054410465,95.06522848538104,0,0,0.0,1.157367095296209,0.0,93.37640563388767,90.07980411296545,95.39124336455188,91.33104705810547,94.78509845816285,92.57251629917324
2022-02-15,NTR.TO,92.60586030117415,91.10621076499734,93.77208150652473,92.96352777292248,0,0,0.0,1.2593384495946225,2.038628313404402,89.51764078084672,87.78259949165329,91.6696050452374,92.60184478759766,92.29282145282895,90.37306363228788
2022-02-16,NTR.TO,93.06487404670065,92.00554451442788,93.5778316325746,93.55004326720402,0,0,0.0,0.551182807829889,1.6787018227297494,87.92402722699742,91.2528388163952,92.93197712543224,93.13948059082031,91.34983643980077,92.4014410417996
2022-02-17,NTR.TO,93.24563189132328,95.9743370491986,94.32272310846152,97.71434725759534,0,0,0.0,1.1551117143949057,1.8129952880057658,91.14172358463206,94.64488953891869,93.46112604299014,95.82770538330078,92.68976154971571,96.17961839825702
2022-02-18,NTR.TO,96.96606863137512,96.50221629785487,98.18730959433823,96.6586179547119,0,0,0.0,1.2594518682671918,0.16207053356606593,94.81734331630373,93.58915992667211,96.14203585878931,94.517822265625,96.6160757382074,95.12388894069201
2022-02-22,NTR.TO,95.84117571127516,95.03591003250534,96.72186553451935,95.76906094414306,0,0,0.0,0.9189054878639098,0.7714461947983153,93.29597865760661,93.33500200574491,94.81647603475722,94.527587890625,95.07239558450232,94.55203147494399
2022-02-23,NTR.TO,95.61349343672177,94.7524223030454,96.47702476928166,94.99680593557592,0,0,0.0,0.903147977885979,0.25791808440412467,93.11103871465137,93.20791595553347,94.81619841826614,93.57938385009766,94.86816268846329,94.1023609455547
2022-02-24,NTR.TO,94.49409721525126,93.06127910579262,95.15088710632075,97.47973911254611,0,0,0.0,0.6950591734564853,4.747903799743128,92.85258930964156,93.06127910579262,93.85628646205987,96.96164703369139,94.0832176408546,95.27050910916937
2022-02-25,NTR.TO,97.03176120657994,97.47974280105622,98.38144268913202,100.88155872882072,0,0,0.0,1.3909687567956297,3.489767032630752,94.1372082890463,96.032988440722,97.23177453174321,100.85223388671875,96.6029275662826,98.45727358477136
2022-02-28,NTR.TO,100.25550621775213,101.37032202508287,101.84082615597468,106.74676163497244,0,0,0.0,1.5812796703447844,5.303761004684617,97.024719340012,100.85222994686382,101.10595721530262,106.56103515625,99.22890059813086,103.7994957909181
2022-03-01,NTR.TO,105.57878271106716,106.34598569270595,107.71185395412216,109.36656390370337,0,0,0.0,2.020359761953756,2.8403311994545675,102.94414889345833,104.69394989950858,106.78124279313488,105.79856872558594,104.51538570125646,107.03025690160597
2022-03-02,NTR.TO,105.44645235084295,106.85429596526943,108.22602293908304,111.51713980086578,0,0,0.0,2.636001995583385,4.363740169241211,104.39647738728071,106.85429596526942,105.96694122463305,108.61386108398438,106.84994670108958,109.18571788306761
2022-03-03,NTR.TO,108.60588900476874,109.97263232350242,111.89670663431352,112.76838161743295,0,0,0.0,3.0300545022934102,2.5422227647569287,106.75166570020136,108.35969889115843,108.7159154955225,111.17500305175781,109.07409307993399,110.5640402542957
2022-03-04,NTR.TO,111.75913856203695,111.71263992875394,112.4476038290138,118.29145030470077,0,0,0.0,0.6160259248908773,5.889047452591356,107.8416238704186,111.51713601464404,111.20527311646583,118.2034683227539,110.20412028554233,114.90429315967239
2022-03-07,NTR.TO,118.05891753914744,119.95326253191773,118.11181911443579,126.69825235083724,0,0,0.0,0.04480947004346092,5.623014894759336,112.47599688720648,119.74798117343717,118.15772909424595,124.46947479248045,115.06124093825778,123.22311676213718
2022-03-08,NTR.TO,122.4155294755985,122.25046821886114,122.63519282886057,125.10487476785843,0,0,0.0,0.17944075739660548,2.3348839399838823,118.23761434331888,118.44785942276872,124.01269691625248,119.47427368164062,122.78343543110775,121.77636709531357
2022-03-09,NTR.TO,119.44756783866295,114.09783394642373,117.4338382025284,119.09303609694085,0,0,0.0,-1.6858690993645666,4.377999106330705,115.43693482124569,111.43893877534651,118.53561833570893,119.01483154296875,121.03586134209064,115.26598743614369
2022-03-10,NTR.TO,117.20983491383977,122.19181901032174,116.55865221759359,127.52916422772974,0,0,0.0,-0.5555700140050988,4.368005371093744,109.07305221546461,120.97967825397845,117.51892581064749,127.23590087890624,114.43429258825698,124.25442124085409
2022-03-11,NTR.TO,127.17256640505938,122.68057944784486,121.10627556918588,127.27498860333056,0,0,0.0,-4.770125355929082,3.7450174886392062,118.4940635313602,122.48507553152491,124.76063060878732,126.31700897216797,123.21591738805544,124.88003206742775
2022-03-14,NTR.TO,123.55998978664694,124.41082252359942,118.93286799209883,124.93869209094659,0,0,0.0,-3.7448382785866556,0.4242955368670067,118.75901317593653,119.43517509889602,122.9983785373147,124.26419830322266,123.68987972228555,122.1869335949213
2022-03-15,NTR.TO,124.0972300137515,119.74797123283547,115.50855243024466,123.21822154563851,0,0,0.0,-6.920926101698726,2.8979616749043515,115.51599769678441,118.50650575136841,120.34296042866117,121.63461303710938,120.87637416119844,120.86236364850346
2022-03-16,NTR.TO,120.93244521386362,122.41664566181257,114.0564107046086,123.52125693437011,0,0,0.0,-5.685847579692165,0.902337477543,114.50222127545047,115.80851051846872,117.3322527161472,116.42435455322266,119.50143507928831,119.66488372641942
2022-03-17,NTR.TO,118.4373423289647,117.92975520366905,107.06620209998538,121.79101328986073,0,0,0.0,-9.600975507703907,3.2742017309568325,111.39487355581285,117.8808754980733,112.09391979903512,121.21427154541016,118.22176962872197,119.83594439396701
2022-03-18,NTR.TO,123.74333541371568,121.28270830089741,115.19667778750625,123.77542432454098,0,0,0.0,-6.906761966319294,2.0552938325381263,115.11488769336547,120.96989755100456,116.59980760596682,122.2504653930664,118.87632633472283,122.37266093777276
2022-03-21,NTR.TO,122.09082517771061,125.12441105442161,111.4841893687864,129.8361343178659,0,0,0.0,-8.687496209060427,3.7656307220458984,116.97394778357719,124.39126020839963,117.6530341277853,129.41578674316406,121.16822077586912,127.11369726313276
2022-03-22,NTR.TO,129.51154741274945,129.82635504322116,121.23895232297488,129.83613993449305,0,0,0.0,-6.38753474499849,0.0075369067156145775,121.90145034524335,126.93286126537261,124.5320910815999,128.37960815429688,125.94454966806268,128.38450059993284
2022-03-23,NTR.TO,128.8378859825313,129.6112943039824,116.39251863540363,132.64165718598275,0,0,0.0,-9.659710924483107,2.3380392104511714,122.43124760542737,127.92016381465587,123.56969317953372,129.5135498046875,126.85779537481133,130.2809105003193
2022-03-24,NTR.TO,130.53775938961465,130.00232024169202,120.73736205294256,132.7100801029385,0,0,0.0,-7.507710705697761,2.0828550261352063,123.35761980104414,128.9856759953093,124.63602285060915,130.88209533691406,128.41363953589183,130.8478780491239
2022-03-25,NTR.TO,131.69052318945265,130.8625241499231,120.41113777682835,133.18906077361794,0,0,0.0,-8.565069937794647,1.7778478894610288,124.22004837138263,130.56927576541625,125.83377961524639,132.08444213867188,128.60815964895804,131.8791682695171
2022-03-28,NTR.TO,132.20489100513635,130.1880413832894,120.83907616575719,131.19491567064688,0,0,0.0,-8.597121296319955,0.7733999810267704,125.70509781213161,127.9494938754194,126.848715957276,130.55950927734375,129.19252148579773,129.57220477303315
2022-03-29,NTR.TO,129.89920566248992,122.69035038085808,117.28662727241664,125.17328876815488,0,0,0.0,-9.709511559942769,2.0237438230384015,122.73123204995747,117.31391092894663,125.33020016642331,123.66788482666017,126.5613985345286,121.24359984855076
2022-03-30,NTR.TO,120.093329590874,125.52423651903645,109.35210207916082,127.97971839543752,0,0,0.0,-8.944066709038452,1.956181486934355,112.95571713930981,124.01165878394907,119.07670092155968,125.14118194580078,118.51986351572184,125.99568858969332
2022-03-31,NTR.TO,125.7540782607095,126.69303756597846,114.38198163615856,129.2467295090306,0,0,0.0,-9.043123516817218,2.0156529451922154,119.8510868264385,125.47511326303098,120.95901256663637,126.91893768310545,123.35166063669669,127.36092138603077
2022-04-01,NTR.TO,128.27815646349993,127.68506012938467,116.80777980586912,131.12273482517577,0,0,0.0,-8.941800360916915,2.692307692307679,122.43637654296516,126.83055721515115,123.22114072721433,127.48862457275389,125.02805340428111,128.97664602016346
2022-04-04,NTR.TO,128.6592350501034,128.33331075418843,118.33630304435871,129.15834908299232,0,0,0.0,-8.023467574422199,0.642887122568041,123.89814578441587,123.7661128810636,124.36659548384159,126.0447998046875,126.7579872155852,126.46223098202796
2022-04-05,NTR.TO,127.27280950438207,126.94840496107989,116.44923723795853,127.93059764936677,0,0,0.0,-8.504229857557192,0.7736943907156615,120.62384998631904,123.31429501183263,123.64541913785797,124.15898132324219,124.63336508564161,125.6224463305997
2022-04-06,NTR.TO,125.95155841526575,123.75628576598334,115.55687063810583,128.17615311476845,0,0,0.0,-8.252925099099087,3.5714285714285836,120.13949076615737,123.75628576598334,122.43588228616954,124.53221893310547,124.31091905131956,125.96621944037588
2022-04-07,NTR.TO,124.9404271964813,125.27869129810729,118.04052720228553,129.32532073038098,0,0,0.0,-5.522551946572889,3.230101935407788,121.38487529041984,125.27869129810729,123.31623985925899,128.9913787841797,125.53241229222772,127.30200601424414
2022-04-08,NTR.TO,128.93504661154347,131.2307772737677,121.60000330377666,133.51928823808035,0,0,0.0,-5.68894455040288,1.7438828084805635,124.69802005495143,129.40389811269384,128.10743362791436,130.89683532714844,127.54962598076712,131.4615931753871
2022-04-11,NTR.TO,131.49664582547112,131.4665038579482,122.6433801430686,133.804112381078,0,0,0.0,-6.732693162495579,1.7781019914058191,127.46848746185488,128.37258774378637,130.27400472954923,133.70590209960938,131.14597031083647,131.0883500624322
2022-04-12,NTR.TO,134.07893698083305,134.65862275689065,126.77382841309755,136.47567022715586,0,0,0.0,-5.448364025126324,1.3493732767085191,127.34678330738387,133.4603464853523,133.2704251045925,135.1202545166016,130.74854205470223,134.96800835625407
2022-04-13,NTR.TO,135.62562889603495,137.48733440502664,126.89983335557226,138.24362700491497,0,0,0.0,-6.43373646374134,0.5500816516380809,131.54511931413947,132.95942531181265,134.79567853347817,135.46401977539062,134.1148899138286,135.6015261583638
2022-04-14,NTR.TO,137.60368536420143,135.9944151796533,128.76764566292513,139.66780648428121,0,0,0.0,-6.421368495974207,2.7011339397836593,131.02006702938039,135.04168701024275,135.18021673970907,138.8231201171875,134.4248220264734,137.35474674726197
2022-04-18,NTR.TO,140.67159985098445,139.19635464097547,133.1419898749104,145.2957630904033,0,0,0.0,-5.352615584133744,4.3818736957299365,134.08334366300247,138.73472285975075,138.3781752802097,141.8973846435547,136.0451081625187,142.01524297507703
2022-04-19,NTR.TO,142.07808115925832,141.17055901980237,135.19197886954177,141.30806540459741,0,0,0.0,-4.846702766204842,0.09740443457178571,137.21781459789176,138.2436288365525,141.13999373943625,140.4928436279297,140.1747907687124,139.77584712057495
2022-04-20,NTR.TO,140.3701624632413,139.324048151485,131.6621390404124,141.05270200320084,0,0,0.0,-6.203614265324546,1.2407433423383623,135.33036541394117,134.9729264579327,139.5235919841698,138.8525848388672,137.46672186907435,138.01281423056676
2022-04-21,NTR.TO,139.17069152800147,139.60886765866198,130.13339441417622,139.8936969430257,0,0,0.0,-6.493678384868062,0.20401947894895045,132.161419557437,132.18349335734206,137.79424166730405,133.36212158203125,135.40711451349705,136.03859515018388
2022-04-22,NTR.TO,135.35752988895456,132.59603377799138,124.15936491905259,135.63100606534556,0,0,0.0,-8.273026982014812,2.2888861762152715,128.28649019237147,129.5512299704822,132.47274750630822,129.7182159423828,133.50377880946954,132.59111801791389
2022-04-25,NTR.TO,131.74573719206958,125.72067335925115,125.23441738268042,125.99568613325873,0,0,0.0,-4.942338134171607,0.2187490463256836,126.0145354205634,120.51504873055522,129.09664041900396,124.45364379882812,130.63962665122673,123.25536743190698
2022-04-26,NTR.TO,123.71983927853675,125.74031678557314,117.26651367862267,127.00733880585358,0,0,0.0,-5.216079844223998,1.007649775879841,118.39150566083963,122.26335364165472,124.05025213064073,124.5518569946289,122.6269766516197,124.63534622375415
2022-04-27,NTR.TO,125.89878486860397,126.13318029517546,120.99554876810683,128.17614283770385,0,0,0.0,-3.894585722661631,1.6196868561844582,121.670860975343,122.46960584952743,124.30496137690125,127.32164001464845,125.2278412284928,125.32287434361565
2022-04-28,NTR.TO,128.8966920967104,128.59849670072575,124.8364780089647,128.59849670072575,0,0,0.0,-3.1499753963424837,0.0,123.69679725707604,124.59115575341178,127.21605479851223,127.39040374755861,127.16983349456804,126.5948262270688
2022-04-29,NTR.TO,129.20224342432573,128.0386410176636,125.09322290954815,130.93610648629442,0,0,0.0,-3.180301212946233,2.262961747798542,124.26114233697096,123.58930928402452,127.43271227655896,123.99200439453125,127.79431128802048,127.26270788515949
2022-05-02,NTR.TO,125.99012545350543,123.24555180244994,126.45102700158237,126.91895065588398,0,0,0.0,0.3658235488042578,2.9805528878820127,122.86723789355489,122.62676556286402,124.17896924776869,125.55370330810547,128.05390050515396,124.772858109374
2022-05-03,NTR.TO,126.51661133275593,130.14054921280416,126.19055101658432,134.99258416251888,0,0,0.0,-0.25772134800071456,3.7283037293631907,124.11240365173268,125.39655607323958,125.85895869481192,133.08712768554688,127.16312337128353,130.19457011787924
2022-05-04,NTR.TO,135.9466961879089,134.22646581640527,133.40619832272984,135.67029036867615,0,0,0.0,-1.8687455719170458,1.0756630918419319,128.1026412488523,131.37809782784578,133.48550340845395,134.2362823486328,132.6098395889493,133.52419409826098
2022-05-05,NTR.TO,135.05231157695533,135.26757712132184,133.67194293811218,135.3559708656462,0,0,0.0,-1.0220992315681912,0.06534732580082903,130.06424762578283,128.7752829054668,134.69191332665832,130.47447204589844,134.20984876050966,132.06562688555653
2022-05-06,NTR.TO,132.72467293782938,129.79676111754816,131.44860079460315,131.94776555843157,0,0,0.0,-0.9614430497214101,1.6572096424928588,127.32208363887554,126.840366444727,130.96651553191805,131.2995147705078,131.94711806903047,129.3940660015793
2022-05-09,NTR.TO,131.94914542874946,127.6457743181655,131.57726742049903,128.0877580510969,0,0,0.0,-0.2818343438618598,0.34625802169504993,127.14490944167753,118.10867627572664,131.82916692260733,118.69799041748047,130.49309544753893,123.09821716341176
2022-05-10,NTR.TO,120.23294241436774,121.95887542874313,117.39373223229366,126.46713668223482,0,0,0.0,-2.3614245189884002,3.6965421644329126,116.5460039274073,119.4935769516542,119.20438714993725,120.62309265136719,121.87681858224522,122.98035681694452
2022-05-11,NTR.TO,123.36458657264856,120.95703714963416,125.76071031720646,126.89929871675345,0,0,0.0,1.9423108455414138,4.91270430158454,120.8776248084353,120.85881937456877,121.1534190511793,123.92325592041016,123.02158186445767,123.87905904566111
2022-05-12,NTR.TO,126.42093437801641,122.2044170023955,128.07731325619443,123.45180595907995,0,0,0.0,1.3102093306992941,1.020739664966456,123.20601625853425,119.16944508012689,124.4792746909061,122.21424102783203,125.78721649639274,121.31062551960342
2022-05-13,NTR.TO,122.37035997101131,124.91527416416648,123.51028973575438,128.06811199040845,0,0,0.0,0.9315407464790582,2.5239810322142517,118.89131795870475,124.57150820059542,122.7702988311421,125.60280609130861,122.27777191784972,126.31981009550195
2022-05-16,NTR.TO,126.88342570805527,127.33146486281919,128.44494509648032,129.32531490489384,0,0,0.0,1.2306724694034727,1.5658737957838724,126.53541656155596,125.35725537818033,126.17934227568458,127.93060302734376,127.89762412400304,127.34128514153709
2022-05-17,NTR.TO,129.40070924198548,129.84586317335436,129.44682995626832,131.54505223321848,0,0,0.0,0.03564177859070128,1.3086200964258552,126.51508213435322,127.56718405652362,128.5216215359833,131.1718292236328,128.795964312534,129.55611814487105
2022-05-18,NTR.TO,132.88824329799314,130.7494835888045,131.6537713254842,131.80043694073848,0,0,0.0,-0.9289549939649078,0.8037915891424348,129.06915292522157,127.85201820630003,131.78051121525277,128.39222717285156,130.8249131313522,129.82622757351925
2022-05-19,NTR.TO,129.79250040477856,126.51623099278659,130.09485424672476,129.40387973936086,0,0,0.0,0.23295170445385338,2.282433426853288,127.0560644796739,126.21175367368403,128.9898322236495,127.5377197265625,129.87066058306786,127.80781670652244
2022-05-20,NTR.TO,126.81136888983671,129.2074619312216,129.25739307053513,129.62979762865862,0,0,0.0,1.9288682096187557,0.3268663366066562,125.72153749500504,120.49540936093078,128.13236609625164,122.3222885131836,128.7640661819958,125.0626034947947
2022-05-24,NTR.TO,124.16342220367076,123.81521217144136,125.88337704345598,126.49659410685878,0,0,0.0,1.3852347247355112,2.1656320644224394,119.45300857052335,123.37322844383411,122.89317197743549,124.95455932617189,125.00891753936745,124.93491127534645
2022-05-25,NTR.TO,126.10536189837113,124.29649535396554,127.03024497823668,125.22957546788047,0,0,0.0,0.7334208997480403,0.7506889967072254,124.30766732122682,121.96869584171317,125.53790646223206,123.69735717773438,127.21926127613474,123.59913565479681
2022-05-26,NTR.TO,124.38945907474626,123.22589309795586,124.80918809906129,123.69734888290556,0,0,0.0,0.33743134461484203,0.3825947397069598,121.76236878741025,119.38552360443829,124.27487933562588,120.34806823730469,124.50267886432086,121.54143624367192
2022-05-27,NTR.TO,120.93516374112635,119.04175262812676,122.87650511205396,120.40699988606553,0,0,0.0,1.605274521381773,1.1468642117557408,119.00583171941484,116.63538350274749,120.90996747500685,119.40516662597656,121.74286049030015,118.52119169440651
2022-05-30,NTR.TO,119.46415844429183,119.46410198050894,121.62164736409271,120.41683015092777,0,0,0.0,1.805971722311142,0.7975016382530242,117.49962965273612,116.98897953739498,119.96266350222504,117.26399230957031,120.04395428830148,118.70290484416137
2022-05-31,NTR.TO,118.05018274993077,118.62923676889095,119.57072207063948,123.49109528008854,0,0,0.0,1.2880448681131753,4.098364487221048,116.96926662166734,117.86312763820831,117.81149214777906,121.40884399414062,118.90603511309727,120.67711145914842
2022-06-01,NTR.TO,122.4770114109695,122.0570886594117,124.57066604811942,122.31246087032976,0,0,0.0,1.709426620580004,0.2092235803121838,120.9835062161001,117.35239202308071,121.97569594191009,117.4604263305664,122.72470457381375,119.83242644670523
2022-06-02,NTR.TO,119.32498608881964,117.55864689237109,121.43638919086483,120.76058970532917,0,0,0.0,1.7694559800522995,2.7236982541059405,116.1720073745746,117.25416205916743,118.0088433096007,118.45243835449219,120.20815415747694,119.0073758822483
2022-06-03,NTR.TO,118.7894196981424,117.38185186578987,121.90668126524118,117.68632920535288,0,0,0.0,2.6241912579589126,0.25939047197103093,118.28541510715837,115.36835383010619,119.00548698909188,115.65319061279297,121.06776518897315,116.52734151772952
2022-06-06,NTR.TO,115.97860512106116,116.00678409063808,117.05783744379887,116.67467544764804,0,0,0.0,0.9305443203176935,0.5757347402097821,114.83369987568105,113.09949450528174,116.1931696967531,113.96382141113281,116.69260442929202,114.88708497646489
2022-06-07,NTR.TO,114.54647406308415,112.6673292135199,115.96741778982056,112.95216600963809,0,0,0.0,1.2404953870110944,0.2528122376792794,113.19183621893276,109.2100140380329,114.49591291301113,110.10380554199219,114.3483545488857,111.08109002383549
2022-06-08,NTR.TO,110.2602066322,108.84659867591482,110.77462817083186,111.25296788108446,0,0,0.0,0.46655230780388024,2.2107895280535814,108.51120132399029,107.31438040607854,110.61787481878491,108.91535186767578,109.16639104983331,109.2836741435815
2022-06-09,NTR.TO,109.16072317754194,109.77968146697457,108.84153431725859,112.8441255752594,0,0,0.0,-0.2924026618660349,2.7914492621357425,107.81236849731697,107.71707817007767,109.4238723124563,111.2922592163086,106.63608209821165,110.28060187266856
2022-06-10,NTR.TO,112.20532511841057,110.98777659231908,111.43694509381945,113.24682283010799,0,0,0.0,-0.6847981802826695,2.03540093075911,110.12478101042066,108.04119845269997,111.81187732511353,108.44390106201172,108.89032957128798,110.64401064140398
2022-06-13,NTR.TO,110.08640365226692,106.31254270562395,112.14242233418987,109.47520460551621,0,0,0.0,1.8676408836256968,2.9748718442842232,107.29327860536088,105.90002354308221,108.95022032606539,106.67595672607422,109.17108657172024,107.6876140742992
2022-06-14,NTR.TO,106.81673027601201,108.17870592242066,109.03216754311586,112.70661497538069,0,0,0.0,2.0740545618455286,4.185582563917123,106.81242978516109,107.97244634979458,107.1740215445916,110.98777770996094,106.43405190158255,110.33953066258765
2022-06-15,NTR.TO,112.10937827773323,112.15659154113952,112.67557856497825,113.18788942351317,0,0,0.0,0.5050427501634545,0.9195160696332039,112.25044790570733,110.0743402316477,111.50597420952181,111.37083435058594,111.78403455618175,111.63111482758042
2022-06-16,NTR.TO,112.67283813563846,108.9939282609278,113.7565404335335,111.60655702162737,0,0,0.0,0.9618132602557239,2.397040644727497,110.29132370376495,107.68761013381011,111.89081932284535,108.30638885498047,112.35582611250341,109.64708357771875
2022-06-17,NTR.TO,108.37927720436258,108.54212733239487,112.77787527533847,110.0939862456689,1,0,-2.108408095207878,4.0585231646099516,1.42972959109386,107.72243790097876,105.83127313352237,108.81206608127286,106.25361633300781,110.64689368565838,107.96262968959564
2022-06-20,NTR.TO,107.56731163127164,106.15538890799276,110.87563889087768,111.69495514139139,0,0,0.0,3.075587935995472,5.218356119631281,106.08546172966302,106.15538890799276,106.74970926491005,110.05469512939453,109.24300353136293,108.92517202469207
2022-06-21,NTR.TO,109.7851895640772,108.6992740372129,112.64618418860648,111.14493947440232,0,0,0.0,2.605993245436295,2.2499372317354727,110.6794851586191,108.63543660160481,110.56853511207555,109.51449584960938,112.85014141153763,109.89018803800357
2022-06-22,NTR.TO,108.84722806140344,106.15539199134027,112.37026734137766,110.35917567418038,0,0,0.0,3.23668258964463,3.960028411164501,108.5974402652652,105.78215395830765,110.02581366830418,109.72074890136719,111.37987291934714,108.070664816244
2022-06-23,NTR.TO,107.11186019649296,110.06450574682307,111.8538368464148,110.3395184893221,1,1,0.10132562367748221,4.427125662109546,0.24986505925137692,107.20596077122327,100.61581726807792,110.23302970546138,100.71403503417969,110.34147871804636,105.4776678787
2022-06-24,NTR.TO,105.34324731346396,101.60784149169922,105.38076244963503,104.13207667129099,0,0,0.0,0.035612283774995035,2.484291706755698,98.87264983635231,100.13455230142691,101.18426393224581,101.60784149169922,104.64127601106769,102.13331448635896
2022-06-27,NTR.TO,102.47276581971619,102.91415492671425,102.31386352602513,106.12592940874981,0,0,0.0,-0.1550678294080683,3.120828698756455,100.52048644097157,101.29353539396075,102.08224352834986,105.89019775390626,102.07900682896617,103.70973240135528
2022-06-28,NTR.TO,107.89955985356734,111.5083454755421,105.10689449556986,112.31374325800884,0,0,0.0,-2.5882082946283305,0.7222757893429588,104.74679325813801,106.23397502572483,106.38459390225762,107.05901336669922,106.05465362601676,109.27385914186684
2022-06-29,NTR.TO,111.3720607293735,107.88678069589774,111.93623817635154,108.43006246529043,0,0,0.0,0.5065699990493613,0.5035665777478755,106.40859997918905,104.75547788105605,107.55886665791513,104.8641357421875,109.99685367565503,106.59277017317325
2022-06-30,NTR.TO,107.6752862304091,103.10585069733486,109.12865407381464,103.1157307394116,0,0,0.0,1.3497691942936143,0.009582426225023255,104.61031939053063,100.56722249462081,105.35374125724775,101.25868225097656,107.88315062855818,101.84147661701621
2022-07-04,NTR.TO,102.57041637724234,100.89320366159875,103.16641211084278,101.92050956335679,0,0,0.0,0.5810600703895403,1.0182112020187901,100.11954017283328,100.36967443603055,101.73145408022901,101.10063934326172,103.33501906605883,101.14509199969368
2022-07-05,NTR.TO,101.33153048700808,98.51262738097954,101.49717158943835,98.51262738097954,0,0,0.0,0.1634645224780371,0.0,100.75817790751687,94.16633543066933,101.57267327791669,96.18143463134766,103.52082861799312,96.33948140582444
2022-07-06,NTR.TO,97.72379078852921,95.78630832400137,95.65827587183789,96.81361416186783,0,0,0.0,-2.1136254539705988,1.0724975790814995,92.92112417627315,92.56610036456075,96.6305010400738,95.52947998046875,95.80056837460778,94.6898572632143
2022-07-07,NTR.TO,96.5148275559621,97.4458004711399,93.39264121033423,99.51028463715461,0,0,0.0,-3.2349292069319944,2.1185973700591916,92.14856790797269,97.25811735195167,95.97550244485319,98.67066192626953,93.18842969688926,98.38420099455314
2022-07-08,NTR.TO,100.64635168297482,99.06578098927781,96.56690712920968,99.53004499934683,0,0,0.0,-4.053246327909591,0.4686421541654937,99.35793115797638,96.16166656800453,99.13135041534952,97.62360382080078,98.14512524501598,97.84585578367569
2022-07-11,NTR.TO,99.53326247613006,96.5864180447523,97.94731400479651,98.29530359944299,0,0,0.0,-1.5933853988900353,1.769281426192748,95.94038925360837,96.58641804475229,98.07940364685601,97.27787780761719,98.24377774761298,97.44086082209765
2022-07-12,NTR.TO,98.00021037898668,95.98387153862176,97.91063450695917,97.48532154968777,0,0,0.0,-0.09140375482981256,1.5642732336149408,97.45813134018228,95.51960748962456,97.73206345584549,95.73692321777344,99.29254439387148,96.50246451965617
2022-07-13,NTR.TO,96.49050790355705,95.22326621285605,97.86907536059583,98.54225197562053,0,0,0.0,1.4287078459745288,3.4854777563977137,96.0792243688118,94.90717268955771,96.1839142244753,96.88275909423827,98.15488617306266,96.72471233258912
2022-07-14,NTR.TO,96.84492985334353,95.18375451910896,99.42949086045274,96.4086159919365,0,0,0.0,2.668762330690015,1.2868387877908845,96.87832239184898,92.28952010625855,97.33509995254099,93.07975769042969,99.30609949163367,94.34906804909753
2022-07-15,NTR.TO,94.53307297541323,93.9391402382444,95.98160091062856,94.82815570523391,0,0,0.0,1.532297522573998,0.9463738594315743,91.78565012790857,92.93159439983279,93.5143425213937,94.22560119628906,95.00643813722962,93.87987505253335
2022-07-18,NTR.TO,94.8549020824172,95.86534111078282,94.85381668658515,98.23603896050439,0,0,0.0,-0.001144269624674621,2.4729457197486795,93.98885285219437,95.54924756173564,94.66553591447519,96.03326416015625,96.08732470742389,96.89264326112001
2022-07-19,NTR.TO,97.39297282365376,95.90484503338799,98.57678369737059,100.72528101753953,0,0,0.0,1.2154992700143907,5.0262695096096195,97.45297503251872,95.73692198607507,96.48163876820763,99.71772766113281,99.24104536278907,98.2311015018073
2022-07-20,NTR.TO,100.31556508364497,98.98675477883913,101.475898937968,102.24647532407549,0,0,0.0,1.156683764234927,3.293087597951242,98.97635704898605,98.65090871126147,100.18330484885882,101.63404083251953,101.9817751124375,100.44869201766848
2022-07-21,NTR.TO,101.1045968332881,100.73516082763673,103.26005351827936,102.24648332249012,0,0,0.0,2.1319077000479183,1.500292928940027,100.0037676404576,99.16950186530605,102.1085651926096,100.73516082763672,102.69056635688327,100.70799259389808
2022-07-22,NTR.TO,100.63072232082868,101.99953518848552,103.52027880632966,104.0640195057455,0,0,0.0,2.871445636938347,2.024013455987813,99.58675673862186,99.54980456249363,101.20548836099806,99.93504333496094,102.1615977383117,101.80691203411956
2022-07-25,NTR.TO,101.46442298103196,100.60674186844125,105.05299022639635,104.06401827310428,1,1,2.853142295685032,3.5367739153606976,3.436426168321759,99.72769481203107,100.08321264725173,100.40163515892709,104.03438568115234,103.12943214927837,102.073615460178
2022-07-26,NTR.TO,104.96850998496595,104.50852944947941,105.54079402985501,105.70375838431781,0,0,0.0,0.5451959306376892,1.143666398460013,102.4688335633404,103.90597496070555,104.5201171338067,105.05181121826172,106.39638989268101,104.8048666725117
2022-07-27,NTR.TO,105.16972099340931,105.13083627388271,106.64298942702382,106.29643261449017,0,0,0.0,1.4008484758715127,1.1087102337613715,104.34486785101376,102.89842141076711,105.54229298093014,105.75314331054688,106.47983639936628,104.59742701262866
2022-07-28,NTR.TO,105.67939949611744,106.67179138509549,107.37148455910524,107.17556805476966,0,0,0.0,1.6011493924603144,0.4722679380676027,103.51398855631219,104.78511018888749,106.24689955841313,105.69387817382812,106.67341325709097,105.98033912182856
2022-07-29,NTR.TO,106.69860999529055,106.93849907910187,107.82532075378639,108.63750467051837,0,0,0.0,1.0559751045918517,1.5887688774832753,104.88790157832233,105.42717661630552,106.18735771567299,108.28189849853517,107.2686876848187,107.03234064341193
2022-08-02,NTR.TO,109.34222275201151,105.36790499809734,109.75666959974342,106.52362130098999,0,0,0.0,0.37903642097332124,1.096839025995152,107.03834354181694,101.64392773224404,108.78746138055249,104.43938446044922,109.45206847445613,104.08377451661701
2022-08-03,NTR.TO,104.78993082400524,105.30863993629062,106.50833218031032,106.3063132379532,0,0,0.0,1.639853507672555,0.9473802930758097,101.4997305588897,102.91818205840933,104.92700683257317,104.01463317871094,104.86483014849856,104.61224764818128
2022-08-04,NTR.TO,105.04397511926057,104.21218852960425,107.1129559431818,106.57301380903252,0,0,0.0,1.969633024237936,2.2654022650696106,102.80919214371599,102.04891888691115,104.50027240789859,104.80486297607422,105.29283892332484,104.31096634797183
2022-08-05,NTR.TO,105.36663873822992,104.01463226422074,107.63983551718387,107.17556765046602,0,0,0.0,2.157416053293119,3.0389333860411085,102.37011611121477,103.58988086516922,105.2941917494918,107.06690979003908,105.57951859680199,105.38272425781766
2022-08-08,NTR.TO,106.44328717069583,107.3336177245801,108.36607822972282,109.53639244278662,0,0,0.0,1.80639954865687,2.052269144471481,104.21178261457162,106.48411493014416,107.56390266422204,108.64737701416017,106.85082734535509,108.01025368646539
2022-08-09,NTR.TO,107.91473570222279,109.86236498413648,110.11670521374248,112.86525732785287,0,0,0.0,2.0404715789655796,2.7333221382499744,106.82184871885278,109.64504926627494,109.14033458430004,112.42074584960938,108.60724134069515,111.25515329706388
2022-08-10,NTR.TO,112.17560690279367,113.04305999225653,113.7192334282805,114.81121078361777,0,0,0.0,1.3760803869101892,1.5641391797801276,110.82401409557303,111.69966059252138,112.90388683183482,114.05060577392578,112.2674779397235,113.25543568806957
2022-08-11,NTR.TO,113.9419890401872,115.17668945905459,115.03296047523719,116.76703716706513,0,0,0.0,0.9574797177405827,1.3807895638256866,111.86449486520104,114.04072573386647,114.50228848755614,114.20865631103517,113.44566618743787,115.4038814504658
2022-08-12,NTR.TO,114.70076191699766,114.09011782823349,116.36066499148423,116.6386261650481,0,0,0.0,1.4471595887808775,2.2337678190949646,113.80151314817726,113.97157992782435,114.61072659947604,116.470703125,115.17477567514106,115.30510304643622
2022-08-15,NTR.TO,116.39608627826229,114.87047603501924,117.37785400357205,115.80887659239532,0,0,0.0,0.8434714230534297,0.8169205785218452,114.33613211963298,113.46781145206778,116.81809055712074,113.96170806884766,116.03920572931293,114.63834402223155
2022-08-16,NTR.TO,113.92295915036243,114.42597151673104,114.71685512198012,116.81643701487768,0,0,0.0,0.6968709183281021,2.08909346930659,113.02112857719966,114.42597151673105,114.24363009522494,115.99656677246094,114.4732182813672,115.62120426580434
2022-08-17,NTR.TO,116.0618387619421,115.52241481726122,117.27149791756523,117.4387360881529,0,0,0.0,1.0422539988396124,1.6588306900639225,114.61824996084236,115.3544917774704,116.22207164894644,116.82630157470702,115.95572062746186,116.39661393281165
2022-08-18,NTR.TO,116.28921707807015,117.99190544649645,117.61278145623398,119.32543241667486,0,0,0.0,1.1381660410313401,1.13018513018514,115.36440648424554,117.25106047918166,116.9932697450613,117.40911102294923,116.44077983282129,118.28824644792826
2022-08-19,NTR.TO,117.84275243262876,116.55960102835996,118.66926834163016,116.94483978478985,0,0,0.0,0.7013718637248587,0.33050795732918914,117.05615240708532,115.59156034793087,117.51478276112357,115.976806640625,117.97490684208192,116.26820006636035
2022-08-22,NTR.TO,116.24089170629038,114.90998757235799,116.61610612664951,118.50555430530922,0,0,0.0,0.3227903837035342,3.129028911161555,115.11096966467868,114.90998757235799,116.03053258307045,118.08080291748047,115.92402928022422,116.70777093883358
2022-08-23,NTR.TO,117.43504330737093,119.08835474437183,118.69554782984297,123.79518909376186,0,0,0.0,1.073363186125647,3.9523884257981905,115.11236681768618,118.72287605607062,118.09372498715857,123.21733093261719,117.2348656141109,121.25903257491623
2022-08-24,NTR.TO,122.11208250155313,123.47415844442595,123.40514740296545,126.27948770687635,0,0,0.0,1.0589164273698088,2.2719970703125085,119.27062041951233,122.98026181064826,123.18005113769686,126.0819320678711,121.58545997188206,124.62987475876228
2022-08-25,NTR.TO,124.5692866066221,128.12666263843985,125.48833360643694,130.29980466451985,0,0,0.0,0.7377797728882456,1.696088840003867,122.51110735160887,127.73153631481655,125.993081409762,129.82565307617188,124.36839087541071,129.0156704896682
2022-08-26,NTR.TO,129.39271525004125,130.0429844125602,128.85776468416287,131.12956309243225,0,0,0.0,-0.4134317491093782,0.8355534785520433,126.74927920966103,128.67983988171062,129.67783775180214,129.2823944091797,128.44693071939014,129.90470148707143
2022-08-29,NTR.TO,129.70393291413674,127.22776789692006,128.21045354035354,129.30212458518164,0,0,0.0,-1.1514526508397296,1.6304276358461607,126.8554889670783,125.07437840724229,128.96507598642256,127.2080078125,129.06926326082754,127.18825149621196
2022-08-30,NTR.TO,127.1314818999473,125.97326769802321,125.60493450300388,126.48692439092574,0,0,0.0,-1.20076268610228,0.40775055080244726,122.8262891470088,121.50844567527254,126.64093596313614,121.6763687133789,126.22190008139903,123.99768503309915
2022-08-31,NTR.TO,121.89031318701126,120.40211520595484,117.58541142949827,121.0738148982498,0,0,0.0,-3.5317833262994043,0.5578803089513684,118.66056250988737,118.16970041446511,120.9676929492457,119.09822845458984,122.95474171472763,119.62175765635746
2022-09-01,NTR.TO,119.864492989102,116.33241268284742,116.07542939784675,118.35739194595268,0,0,0.0,-3.161122611680966,1.7406836292701087,115.63406077201746,115.29523424800658,118.4119228345894,116.63863372802734,118.58960280528744,116.82631309697963
2022-09-02,NTR.TO,115.32782863165095,118.33763092700116,112.54414845637591,120.28357724251266,0,0,0.0,-2.413710730795003,1.644401954194862,113.31941398145503,117.21154725761309,116.10465577001878,119.34517669677736,115.94443445739086,118.74756225006288
2022-09-06,NTR.TO,119.10798297464264,120.16504726346604,115.60816453139404,121.12320789699972,0,0,0.0,-2.9383575775888175,0.7973704961251116,116.4744241771447,117.6313552311078,118.91920448118708,117.78446197509766,118.19450881026121,119.37728156405376
2022-09-07,NTR.TO,117.54744975306293,116.03607906195148,113.81257029477278,117.85361509939514,0,0,0.0,-3.1773377186286638,1.5663542340768686,115.87427657477194,115.34461923671682,117.47943524695074,117.01399230957031,118.63576728264061,116.59911716805598
2022-09-08,NTR.TO,116.2325293424793,117.35971054503949,113.94422281104282,119.51310007505232,0,0,0.0,-1.9687315972398522,1.8348626798857026,114.5433292388984,116.6583782602723,116.81208526710452,117.96226501464842,116.353370508833,118.08573916766233
2022-09-09,NTR.TO,117.71333107942809,120.4119944837729,114.74437008298794,122.62464917646886,0,0,0.0,-2.5221960581820753,1.8375700047009502,115.99885700718666,119.73041475343334,117.85150411362793,122.28880310058592,117.95888502946569,121.1775319649511
2022-09-12,NTR.TO,122.77925075493022,122.43696749640857,119.50625028237111,122.7036758880594,0,0,0.0,-2.6657602587037132,0.21783322235471303,120.10389576039579,113.32952027212565,122.2421536243055,116.66825866699219,121.5523201380104,118.01659808009254
2022-09-13,NTR.TO,117.62475380422214,115.16680873886307,113.41454138316013,120.49102116669648,0,0,0.0,-3.579359178145097,4.6230441618868525,111.31820894075898,115.16680873886308,116.71486417469896,116.54972076416016,117.67173265441794,117.82891495277977
2022-09-14,NTR.TO,116.03489046548069,116.84606102855601,117.91049107281854,120.21443199365785,0,0,0.0,1.6164108914256587,2.882742418059479,114.22631364727559,116.7966683529952,116.67911381119211,119.29578399658203,118.28858016086075,118.50555017332653
2022-09-15,NTR.TO,118.8075201616873,117.91288034992085,117.97517055805173,118.92042612661436,0,0,0.0,-0.7005866316398226,0.8544832199022636,116.64663143409616,115.86814866922924,119.492889352583,116.12496948242188,119.29771959237308,117.3942873979218
2022-09-16,NTR.TO,114.86011673678311,114.15926401305452,113.43148660874542,116.03607266920035,0,0,0.0,-1.2437999965746087,1.6440265907208413,114.09005095477362,111.6107556548017,116.38668855107244,112.75659942626953,117.27486542093705,113.82341416200103
2022-09-19,NTR.TO,111.44367347684769,111.08722524439364,111.35852424454907,118.27835872081495,0,0,0.0,-0.07640562235800985,6.473411736228641,110.55490103126034,111.06747269583829,113.08042183360794,117.48812866210936,113.9353839683938,114.67291570832663
2022-09-20,NTR.TO,116.42037633141233,117.27081258205351,117.43179492897045,119.4933473326984,0,0,0.0,0.8687642399290354,1.8952156139361733,113.6270296034526,115.47302921853795,117.87806069732687,118.6635971069336,116.95864824188192,117.48318827561819
2022-09-21,NTR.TO,117.85400665769579,120.3329703038889,118.08604051257595,120.95527732225199,0,0,0.0,0.1968824492782062,0.5171542070236512,114.47958989634377,117.73507683657921,119.10012244500194,117.823974609375,118.0581251239118,119.34517707941559
2022-09-22,NTR.TO,118.73726821796068,118.69323755561284,118.77506795351837,120.70832910307732,0,0,0.0,0.031834769424122555,1.6977307123502499,116.70515203756347,117.37947075741364,118.28980065797805,117.46836853027344,119.19865976615549,119.04389993024549
2022-09-23,NTR.TO,118.55435474296655,114.29755480410763,119.47453275592167,114.56426319900113,0,0,0.0,0.7761655107061358,0.23334566986197558,116.95789099296229,110.26735657944607,117.95581012251023,111.32429504394531,119.14194650777279,112.4158098892236
2022-09-26,NTR.TO,110.74404140974937,110.32662948015214,110.54504659524298,114.31731507746592,0,0,0.0,-0.1796889584064587,3.6171553650442263,108.79792839899629,110.09943371880442,111.80621414783309,110.92918395996094,111.94462371821524,112.20837439813516
2022-09-27,NTR.TO,110.39267861884706,112.90476943543355,113.55877082413546,115.55205559872215,0,0,0.0,2.8680273410340646,2.3447071160288715,110.25094727896241,112.51953067784332,111.42203458382937,114.55438232421874,113.00758041104454,114.03579313828274
2022-09-28,NTR.TO,115.10841981286866,114.13614870261054,116.31640982925927,117.84167764394472,0,0,0.0,1.049436712235675,3.2465866278607223,114.2664079378486,113.86792364241431,115.07183345020167,117.0369873046875,115.91504510040043,115.85480064317952
2022-09-29,NTR.TO,117.1883890865107,116.8482352763954,118.42742970587437,117.69265645790712,0,0,0.0,1.0573066402073295,0.7226648990584295,115.4755331448274,113.1327699508095,117.57166581922502,113.71890258789062,117.43306287671099,115.41271320435831
2022-09-30,NTR.TO,114.64075349183955,113.32152432937393,116.33739494898163,115.98393969360826,0,0,0.0,1.4799636302659707,2.349434831547015,111.95945318367299,111.88104160045883,114.2426657104952,114.44410705566408,115.66483345714279,113.93249064703355
2022-10-03,NTR.TO,114.21152284472568,116.2819774390088,116.72799159479042,117.09659669170019,0,0,0.0,2.2033405101217056,0.700555039252464,112.53619446080202,114.5335235871344,114.97385700666564,114.73220825195314,115.35138247007446,115.81506013941728
2022-10-04,NTR.TO,116.12979465858635,117.2257418672282,116.61966644643576,119.92789577381032,0,0,0.0,0.42183127016592437,2.3050857802569027,114.1496224262432,117.02705720088184,115.26511085392485,118.4079360961914,116.32925940821521,118.47747648734608
2022-10-05,NTR.TO,120.45273766479843,118.27878149758902,120.7021952565266,118.4079333491186,0,0,0.0,0.20709997677460024,0.10919274775602617,119.02863565488713,113.6841285860842,118.95905488216158,113.76856994628906,120.03152618103253,116.0460309676014
2022-10-06,NTR.TO,115.54354322166449,113.64936742221984,116.13959346565163,117.32508688920555,0,0,0.0,0.5158663369390126,3.2342630235063297,112.06619191133268,112.35789432336846,114.29886828106282,116.80850219726562,116.14838699414707,114.84149060628701
2022-10-07,NTR.TO,116.78551307582502,115.84486197462887,117.9601321279632,116.10315810212286,0,0,0.0,1.0057917469400053,0.22296727113418058,113.50215269281966,112.0499272771433,117.35344371002793,114.33483123779297,116.8527138491623,114.07654268963307
2022-10-11,NTR.TO,114.70391145560569,115.15938981511542,114.78926539784898,115.31834361418161,0,0,0.0,0.0744124077026953,0.13802938633263295,111.05215679272585,111.07635694844794,114.86855955796727,113.13277435302734,114.37004955285404,113.19735028131478
2022-10-12,NTR.TO,113.82541961794747,112.75526604652683,114.80215684226798,113.72883907945666,0,0,0.0,0.858101140851403,0.8634390809987451,110.44148134710517,109.86435646839898,113.66098573688396,113.6195602416992,113.44950244855833,111.79659777392783
2022-10-13,NTR.TO,113.89500904964285,112.81486957517116,114.56102763807988,118.71589647822019,0,0,0.0,0.5847653852389101,5.230717302843701,110.44529352730896,112.08966374069358,114.15004440503435,118.21917724609375,112.96991051799917,115.40278010945688
2022-10-14,NTR.TO,118.80202965838173,117.64298641462794,119.90480916351139,118.81524415840029,0,0,0.0,0.9282497178715943,0.9964535749209773,114.90921998120304,107.30129547737744,118.77113679600006,107.49004364013672,117.73499094901406,113.05826981788886
2022-10-17,NTR.TO,109.61803172850871,107.90728926250401,108.2433305784347,110.94720855313506,0,0,0.0,-1.2540830449124911,2.8171584249845125,104.62405485588715,107.907289262504,107.99190939059372,108.62255859375,111.8619040517302,109.42724890781953
2022-10-18,NTR.TO,109.49736570105345,110.83793205635602,110.71736159117896,113.84804946918352,0,0,0.0,1.114178302203456,2.715782726167234,107.73231280607725,110.03324930462351,109.12971200107131,111.77176666259767,108.5326598902823,111.94064938690352
2022-10-19,NTR.TO,113.6492431587023,111.90090939502662,115.2755391899117,113.96726324534215,0,0,0.0,1.4309783206724944,1.8465925446780744,111.35321155313055,111.29491131796932,112.29362356819001,111.70222473144531,112.54916578827692,112.63108728165574
2022-10-20,NTR.TO,111.9592836067567,112.0101885186263,114.57098239360052,114.16594819923507,0,0,0.0,2.3327219527565717,1.9246103493971987,110.84640065630059,110.6491750736978,112.22375694916627,112.99369049072266,113.18640100460978,112.40756163646644
2022-10-21,NTR.TO,112.84410188107617,110.76838876728026,114.90989203668877,113.60962338146932,0,0,0.0,1.8306585113236054,2.565022968925163,111.44412148604256,108.97026757231936,113.52125249883647,112.32808685302734,113.83486535929009,111.28994547689433
2022-10-24,NTR.TO,110.975978612915,112.71553078384207,113.70295041674403,112.74533272601197,0,0,0.0,2.457263128393521,0.026439960813434027,108.85034791162072,107.23175362388432,112.85254119034835,107.61919403076172,112.36222094300558,109.98854317494815
2022-10-25,NTR.TO,108.12870531670129,107.31122104872976,108.5469755815421,112.51684413008893,0,0,0.0,0.3868262952152435,4.85095876319896,106.23017834942416,107.1920132821546,108.12166277806864,112.39762878417969,109.58783129733494,109.85442870612177
2022-10-26,NTR.TO,112.21275483399761,112.46716717532162,112.80028876716781,113.2519844684388,0,0,0.0,0.5235892604538321,0.6978190282802785,109.80550454417876,110.45048831370865,112.92240780937209,110.58956909179688,112.43936959594194,111.85123639107371
2022-10-27,NTR.TO,111.49222071266196,111.29491294818108,112.76719499153333,112.98376293069623,0,0,0.0,1.1435544746724986,1.5174547854684732,109.38324631351554,110.37101484826029,111.105906374818,112.31815338134766,112.25967448630136,111.67738888947827
2022-10-28,NTR.TO,112.3693723251252,112.75526696415567,113.9545205001559,114.08647088318517,0,0,0.0,1.4106585649017234,1.1806135135600186,110.86531958354345,110.1226534883328,112.84256133977578,111.3545150756836,112.92144713603777,112.104562185759
2022-10-31,NTR.TO,112.09760246224758,112.05986531158578,113.60095851640646,116.6098078601723,0,0,0.0,1.3411134771282889,4.060278437721905,109.81660874041116,112.05986531158578,111.87442385404756,114.35470581054689,112.43217832206956,114.33483658587903
2022-11-01,NTR.TO,114.2030886772336,116.11308444487445,117.38192346836205,116.30184017761032,0,0,0.0,2.783492835393119,0.16256198312041192,113.18787690621217,113.74870363927334,114.88862233254622,116.13295745849608,115.89316960982929,115.02527190844182
2022-11-02,NTR.TO,117.20403646738009,115.48722636090824,116.5343299492075,116.01374755656985,0,0,0.0,-0.5714022642547576,0.45591292842740927,114.07023603901052,112.75527046849966,116.67517655036681,113.0831069946289,115.75397302608022,114.38450901253475
2022-11-03,NTR.TO,114.12833979975846,101.40026447491238,114.8785672715852,102.33409906343634,0,0,0.0,0.6573542322117589,0.9209390067764502,112.22124063950855,94.86343751391273,113.61108648402114,97.28742980957031,114.24848612653811,98.59876828867453
2022-11-04,NTR.TO,94.5713464812966,98.54909814929712,95.44485882666591,101.49961176630174,0,0,0.0,0.923654339152364,2.9939529355557823,93.08223076550121,97.94310004576865,97.74166005562802,98.14179229736328,95.56597104893163,99.72135590603519
2022-11-07,NTR.TO,97.5899705477803,99.34384580241031,97.30277754906395,99.40344968450488,0,0,0.0,-0.2942853626292816,0.05999755859373579,97.21050069389503,96.86024965735004,98.60001152004224,98.01264190673828,95.74815564669724,98.13184967092747
2022-11-08,NTR.TO,99.36401393631303,98.20139002906409,96.77094819362749,104.30110155307523,0,0,0.0,-2.6096628346229664,6.211430940240106,96.38974133425728,98.20139002906409,98.47025813256732,103.80438232421876,94.43716905035332,101.25124579106966
2022-11-09,NTR.TO,105.85122489314553,102.70166560005968,103.14500117574717,104.52959631365484,0,0,0.0,-2.5566295714860416,1.7798452468273211,101.88524391994872,100.0889251703275,104.28903990246181,100.14852905273438,100.6691838504705,102.30926074199118
2022-11-10,NTR.TO,102.24095566733152,103.12884864926568,104.6600370034822,105.73166025766024,0,0,0.0,2.3660590028342625,2.5238443388876988,98.3478286360092,102.97983893717009,100.61611763106339,104.80776214599608,101.26500258037242,104.35574959741515
2022-11-11,NTR.TO,106.84737736369539,105.82106205573551,106.47709762354485,107.92715433206294,0,0,0.0,-0.34655014403409723,1.9902392164786278,105.0449211923156,100.7445984678311,105.29710445549608,101.09230041503906,106.45543961562801,104.33587639994701
2022-11-14,NTR.TO,104.84288107577723,100.52604569997293,107.9526931820544,103.85406320742716,0,0,0.0,2.966164296867717,3.3106022267969593,99.9581978302077,100.22801111391192,101.56429541564648,102.89042663574217,104.72294091334021,102.04103716066953
2022-11-15,NTR.TO,103.80732170562806,105.54290455935222,105.0600597214092,105.56277757386258,0,0,0.0,1.2067915780869356,0.01882932310167007,101.41764858208052,101.07243129064886,103.370816999628,104.95677947998047,104.78682229619253,103.31760443225572
2022-11-16,NTR.TO,106.52218818226949,103.35733936789788,106.74487418323784,104.95677591155706,0,0,0.0,0.2090512829001625,1.5474823108265525,101.9053749980618,102.6519989634479,105.44681754411613,102.93016052246094,104.64609025098467,103.80438743750248
2022-11-17,NTR.TO,102.96248331374407,101.44000764423079,106.05267394914773,104.58920592616097,0,0,0.0,3.0012782675290737,3.104493340512164,102.52462940091604,100.66512681315238,103.41073640191826,104.43025970458984,104.52255085976786,102.62716636965668
2022-11-18,NTR.TO,102.82627811917959,103.93353562553318,106.14562438597939,104.82762418649028,0,0,0.0,3.228110875463713,0.860250308599575,101.55989908652231,102.9301606470212,104.91783947367549,103.4268798828125,104.66857469804366,103.87889241675573
2022-11-21,NTR.TO,103.11843883295867,102.8010177021584,105.43623765141255,103.69510627466448,0,0,0.0,2.2477054973732606,0.869727355322965,102.87147213059812,100.07899079774107,103.90977492064121,102.55265808105469,104.46594889296743,101.88704853620277
2022-11-22,NTR.TO,102.65134325918702,103.38714535602888,104.8180794699219,108.39407635224428,0,0,0.0,2.1107723892750556,4.842895099746983,100.44252035217941,103.38714535602888,103.03147142009766,107.53971862792969,102.87701084913857,105.89061085413658
2022-11-23,NTR.TO,108.53780111168871,106.47673329671936,110.0018182042864,106.79463329731476,0,0,0.0,1.348854571957986,0.29856287918741486,106.27530513838926,104.80775639876006,108.04181630847233,106.11909484863281,108.74287346737903,105.80119484803741
2022-11-24,NTR.TO,106.27441931899905,106.7350315058873,107.5633003239806,109.02987194326992,0,0,0.0,1.212785742082275,2.1500349088818638,104.90687176229969,106.73503150588732,106.61455970631141,108.22518920898438,106.48031411747908,107.88245172457862
2022-11-25,NTR.TO,107.99540095941848,107.92715645251901,110.30504426463173,110.60943733148986,0,0,0.0,2.138649687574329,2.48526966440636,107.37696030676864,107.39069876085802,108.73048731810559,109.43718719482422,109.48404535316638,109.00006804617394
2022-11-28,NTR.TO,109.00054726249336,108.20531907352284,111.27787181025947,109.8444941063997,0,0,0.0,2.0892780861749998,1.5148747278893637,107.7004936063573,107.46024020215468,109.94814406319529,107.56951904296875,110.10862286305074,108.65236715427719
2022-11-29,NTR.TO,107.24892974440088,109.2782305310236,109.60916003809179,111.4538631824372,0,0,0.0,2.200702887493506,1.9909113103693272,107.25499423422782,107.58938818182317,108.07175586019002,110.14252471923828,108.7731091613673,109.5216256821302
2022-11-30,NTR.TO,110.50417358603507,108.8311886033638,112.26569816173729,110.00344631388106,0,0,0.0,1.5940796791089156,1.0771339774570947,108.46558559658251,105.10579430036412,110.65677477397367,107.400634765625,111.07438824583582,107.55462030712259
2022-12-01,NTR.TO,107.94419696922985,107.56952155230836,109.29290152065738,108.46361773467414,0,0,0.0,1.2494460927917999,0.8311798448699079,104.90076640240608,104.65874639042188,107.90208307042485,104.87730407714844,107.7654187509728,106.56118206254801
2022-12-02,NTR.TO,105.99052620095287,104.18189893613807,108.27123418685856,106.60588373877022,0,0,0.0,2.1518036259029287,2.3266851798487806,104.1799311484924,103.38714509896846,105.36697107451982,106.29792022705078,106.56796550876714,104.99651441886934
2022-12-05,NTR.TO,106.32893622079635,106.36746058859906,107.62432314098585,108.96033569693077,0,0,0.0,1.218282591955571,2.437658184169919,103.96888364674855,105.25480673275018,106.79422001166495,106.24824523925781,106.58469063696806,107.10757121484048
2022-12-06,NTR.TO,106.3848955740352,106.42706422170461,109.04460887526996,108.25499501060604,0,0,0.0,2.50008545563108,1.717543185343871,105.38159771190125,104.63887946182383,106.74431309378633,104.95677947998047,107.6122988514308,106.44693723621494
2022-12-07,NTR.TO,105.27416889432459,104.22163675067924,108.30762160486974,105.32434651351275,0,0,0.0,2.8814786593947446,1.0580430294636898,104.49000314928463,102.25462518430761,105.44681754411613,103.41694641113281,106.63279981194846,103.78948584891018
2022-12-08,NTR.TO,103.52009259212947,104.50972408272803,106.11338063072847,105.43362216362429,0,0,0.0,2.5051059882805475,0.8840307339869327,102.17762284169137,102.77617880218303,103.89979507006865,103.12884521484375,104.39484351661018,104.10490048290366
2022-12-09,NTR.TO,103.79822989529663,103.55602737791693,105.92984571306683,106.33765821663805,0,0,0.0,2.05361480626442,2.686111961952591,102.95124584774105,103.55602737791695,103.61034874340112,104.11235809326172,104.88520869646699,104.94684279727747
2022-12-12,NTR.TO,104.3507141372012,104.32097795731762,107.09915712138955,105.84093763432713,0,0,0.0,2.633851629012014,1.457002902744449,104.29670546022184,102.92022604833447,104.59845359529027,105.0362548828125,106.21703542069781,104.38058184133081
2022-12-13,NTR.TO,104.91840482254598,106.9933220442116,106.55702812460112,108.55302016600791,0,0,0.0,1.561807296657463,1.4577527755908193,103.6818394116215,103.41694500600784,105.52666401371243,103.7944564819336,105.52301095233662,105.98498258600786
2022-12-14,NTR.TO,104.72477650577358,104.05274468921326,107.4849671832113,104.92697540588414,0,0,0.0,2.6356615593116572,0.8401803520724513,103.21883602323334,102.37383880524456,104.27906771690505,102.40364074707031,106.12744801813199,103.65040710556434
2022-12-15,NTR.TO,102.96107632095085,101.82744130542571,104.87961909493401,101.847306739554,0,0,0.0,1.8633670533927358,0.01950892006479421,102.05048393719211,99.57233935483684,102.88175833147761,101.46980285644531,104.30846782095695,100.70982304719541
2022-12-16,NTR.TO,101.54328467615912,100.26774746737996,102.65539707372758,100.87374555485387,0,0,0.0,1.0952101865871384,0.6043798756634686,99.78629516453387,99.32398393014509,101.94356039746708,100.18827056884766,101.95248114424156,100.09886474249947
2022-12-19,NTR.TO,99.44700523221441,100.34721940076415,100.48689848863029,101.77776560689152,0,0,0.0,1.0456757888160269,1.425596259338377,99.27845781684817,98.83718872070314,100.65604469836944,98.83718872070312,100.17468521075521,100.30747716379733
2022-12-20,NTR.TO,98.15834797184989,98.67824716753543,100.44198072206449,100.09886451337817,0,0,0.0,2.3264783866059986,1.4396459063878808,98.43161800978852,98.46962599386633,99.29865471523226,99.19483184814453,99.56019398742136,99.28424525362226
2022-12-21,NTR.TO,98.71221976201355,99.84057013416671,100.14768124849373,101.77777219458845,0,0,0.0,1.4541882351961704,1.9402954708877473,99.05311132293131,99.81076819159627,99.65796766092353,100.15847015380861,99.65219052135257,100.79427019309234
2022-12-22,NTR.TO,100.14377163364885,100.01938599931172,102.7098909831433,100.01938599931172,0,0,0.0,2.562435294410477,0.0,100.70568035199219,97.57552825952212,100.62610514665175,98.8769302368164,101.69522491259033,98.79745712941693
2022-12-23,NTR.TO,98.76749945953173,99.38358322260633,100.46220320767674,100.6949216704653,0,0,0.0,1.7158516287428824,1.3194718939864885,97.39627471969246,99.20972846251624,99.33858178253831,99.97964477539062,99.5708904582468,99.95232506649079
2022-12-28,NTR.TO,100.05784508921936,99.73129099376779,101.7737124907595,100.19820830420063,0,0,0.0,1.714875430317477,0.46817533973566583,100.39526265371215,98.70805054545801,100.44644484129822,98.86699676513672,101.31453552658458,99.45312942482931
2022-12-29,NTR.TO,99.05674473737353,99.02999877929688,100.40249606644042,100.31999969482422,0,0,0.0,1.3585660750662214,1.302636505532334,98.40524071422774,98.61000061035156,99.32860193196575,99.33000183105469,100.05391889235518,99.46500015258789
2022-12-30,NTR.TO,99.17429490984432,98.98999786376953,101.07978370435376,99.77999877929688,0,0,0.0,1.9213535082267583,0.7980613522333329,99.26765860249361,98.13999938964844,99.79376874586524,98.8499984741211,100.57865944019932,98.95999908447266
2023-01-03,NTR.TO,98.62687203714086,99.66000366210936,100.23623199858412,99.70999908447266,0,0,0.0,1.631766199415921,0.05016598487472379,98.11062269944341,97.44999694824219,99.3115242767617,97.9000015258789,99.74336383094851,98.57999801635742
2023-01-04,NTR.TO,98.07328737508033,97.44999694824219,99.12991509076119,97.93000030517578,0,0,0.0,1.0773858447711717,0.49256374752739873,97.24167027529802,96.0999984741211,98.3570918392852,97.01000213623047,99.1463923650258,97.01499938964844
2023-01-05,NTR.TO,96.84976683052537,97.4000015258789,98.49453961309882,101.27999877929689,0,0,0.0,1.6982723205225483,3.983570012970759,96.20298802689103,97.16000366210939,97.46293708606572,101.19000244140625,98.03098090665117,99.22000122070312
2023-01-06,NTR.TO,101.25688046298728,101.91000366210936,102.5873553881429,104.41999816894531,0,0,0.0,1.3139600183929616,2.46295203281322,100.2955263127551,101.91000366210938,101.66245360799076,103.98000335693358,101.87950301819728,103.16500091552736
2023-01-09,NTR.TO,104.52612375242825,104.05000305175781,105.70943192843515,104.65000152587889,0,0,0.0,1.1320693177234773,0.5766443599454902,102.7555354052638,102.62000274658203,104.46548090117903,102.91000366210938,104.31959531080156,103.63500213623047
2023-01-10,NTR.TO,103.44827345036902,103.94999694824219,105.00427374164246,104.66000366210938,0,0,0.0,1.5041336499636913,0.683027161819652,102.19854255501923,99.41000366210938,103.3904854301727,99.80000305175781,103.74816711182211,102.03500366210938
2023-01-11,NTR.TO,101.54060248355472,100.23999786376953,103.93500369992216,101.08000183105469,0,0,0.0,2.3580726899421762,0.837992802460704,98.66466635759753,99.08000183105469,100.265964379254,99.47000122070312,101.73696092429964,100.08000183105469
2023-01-12,NTR.TO,100.03450164279184,99.97000122070312,101.88104013940392,102.18000030517578,0,0,0.0,1.8459016302253275,2.210662256163886,98.70074238076268,99.20999908447266,99.93442178580881,101.98000335693361,100.7725415165769,100.69499969482422
2023-01-13,NTR.TO,102.38036925040433,101.33000183105469,103.31558023553498,101.33000183105469,0,0,0.0,0.9134670952819874,0.0,100.34160651354796,100.09999847412108,102.45614299910994,100.66000366210938,102.1743694725501,100.71500015258789
2023-01-16,NTR.TO,100.70076372738095,100.13999938964844,101.21608027848379,101.90000152587892,0,0,0.0,0.5117305291724676,1.7575415887334458,99.74731713474966,100.02999877929688,101.12998029034497,100.66000366210938,100.98244945328224,100.96500015258789
2023-01-17,NTR.TO,100.16183329330488,,102.3537808009387,,0,0,0.0,2.188405938233089,,99.95179191267562,,101.12998029034497,,101.53057019199969,
